date,year,entity,aggregate_actions,penalty_usd,apparent_violations,statutory_max_usd,base_penalty_usd,voluntarily_self_disclosed,egregious,conduct_period,programs_mentioned,ofac_release_url
08/01/2003,2003,Federal Express Corp.,1,1000,,,,,,,,https://ofac.treasury.gov/media/12826/download?inline
08/01/2003,2003,Individuals,2,20000,,,,,,,,https://ofac.treasury.gov/media/12826/download?inline
08/01/2003,2003,Individual,1,5000,,,,,,,,https://ofac.treasury.gov/media/12826/download?inline
08/01/2003,2003,Individual,1,1000,,,,,,,,https://ofac.treasury.gov/media/12826/download?inline
08/01/2003,2003,Individual,1,7520,,,,,,,,https://ofac.treasury.gov/media/12826/download?inline
05/02/2003,2003,"BRI Inc./Bellwether Resources International, Inc.",1,16601.74,,,,,,,,https://ofac.treasury.gov/media/12886/download?inline
05/02/2003,2003,Deutsche Bank A.G.,1,5500,,,,,,,,https://ofac.treasury.gov/media/12886/download?inline
05/02/2003,2003,Deutsche Bank A.G.,1,4500,,,,,,,,https://ofac.treasury.gov/media/12886/download?inline
05/02/2003,2003,United Marine Ltd. and SG Global S.A.,1,6200,,,,,,,,https://ofac.treasury.gov/media/12886/download?inline
07/03/2003,2003,Maersk Inc.,1,40000,,,,,,,,https://ofac.treasury.gov/media/12846/download?inline
07/03/2003,2003,Universe Tankship LLC,1,3000,,,,,,,,https://ofac.treasury.gov/media/12846/download?inline
07/03/2003,2003,"Waterfront Beer and Wine, Inc.",1,12440,,,,,,,,https://ofac.treasury.gov/media/12846/download?inline
07/03/2003,2003,Individual,1,10100,,,,,,,,https://ofac.treasury.gov/media/12846/download?inline
07/03/2003,2003,Individuals,6,47500,,,,,,,,https://ofac.treasury.gov/media/12846/download?inline
07/03/2003,2003,Individuals,3,22657,,,,,,,,https://ofac.treasury.gov/media/12846/download?inline
07/03/2003,2003,Individuals,2,5212.5,,,,,,,,https://ofac.treasury.gov/media/12846/download?inline
07/03/2003,2003,Individuals,2,22000,,,,,,,,https://ofac.treasury.gov/media/12846/download?inline
07/03/2003,2003,Individual,1,3000,,,,,,,,https://ofac.treasury.gov/media/12846/download?inline
07/03/2003,2003,Individual,1,2100,,,,,,,,https://ofac.treasury.gov/media/12846/download?inline
07/03/2003,2003,Individual,1,300,,,,,,,,https://ofac.treasury.gov/media/12846/download?inline
10/03/2003,2003,Banco Bradesco S.A.,1,9000,,,,,,,,https://ofac.treasury.gov/media/12841/download?inline
10/03/2003,2003,Bank Audi (USA) nka InterAudi Bank,1,13750,,,,,,,,https://ofac.treasury.gov/media/12841/download?inline
10/03/2003,2003,Cuba Paquetes,1,5361,,,,,,,,https://ofac.treasury.gov/media/12841/download?inline
10/03/2003,2003,"Guy Carpenter & Company, Inc.",1,50000,,,,,,,,https://ofac.treasury.gov/media/12841/download?inline
10/03/2003,2003,Harris Bank International,1,11000,,,,,,,,https://ofac.treasury.gov/media/12841/download?inline
10/03/2003,2003,MashreqBank,1,5500,,,,,,,,https://ofac.treasury.gov/media/12841/download?inline
10/03/2003,2003,"MRP Group, Inc.",1,2500,,,,,,,,https://ofac.treasury.gov/media/12841/download?inline
10/03/2003,2003,"Samsung International, Inc.",1,11000,,,,,,,,https://ofac.treasury.gov/media/12841/download?inline
10/03/2003,2003,"World Courier Management, Inc.",1,18000,,,,,,,,https://ofac.treasury.gov/media/12841/download?inline
10/03/2003,2003,Individual,1,10000,,,,,,,,https://ofac.treasury.gov/media/12841/download?inline
10/03/2003,2003,Individuals,11,56000,,,,,,,,https://ofac.treasury.gov/media/12841/download?inline
10/03/2003,2003,Individuals,45,49250,,,,,,,,https://ofac.treasury.gov/media/12841/download?inline
10/03/2003,2003,Individuals,3,17546.67,,,,,,,,https://ofac.treasury.gov/media/12841/download?inline
10/03/2003,2003,Individuals,4,6564.5,,,,,,,,https://ofac.treasury.gov/media/12841/download?inline
10/03/2003,2003,Individual,1,1250,,,,,,,,https://ofac.treasury.gov/media/12841/download?inline
10/03/2003,2003,Individual,1,2500,,,,,,,,https://ofac.treasury.gov/media/12841/download?inline
10/03/2003,2003,Individual,1,1750,,,,,,,,https://ofac.treasury.gov/media/12841/download?inline
04/04/2003,2003,"A. Kazemi & Co., Inc.",1,8262,,,,,,,,https://ofac.treasury.gov/media/12791/download?inline
04/04/2003,2003,"A.B.Y. Paralegal, Inc.",1,750,,,,,,,,https://ofac.treasury.gov/media/12791/download?inline
04/04/2003,2003,AAA Travel,1,500,,,,,,,,https://ofac.treasury.gov/media/12791/download?inline
04/04/2003,2003,Allfirst Financial Inc.,1,4000,,,,,,,,https://ofac.treasury.gov/media/12791/download?inline
04/04/2003,2003,"Amazon.com, Inc.",1,1985.68,,,,,,,,https://ofac.treasury.gov/media/12791/download?inline
04/04/2003,2003,Axon Corporation,1,45000,,,,,,,,https://ofac.treasury.gov/media/12791/download?inline
04/04/2003,2003,Banco di Napoli,1,2300,,,,,,,,https://ofac.treasury.gov/media/12791/download?inline
04/04/2003,2003,Bancomer S.A.,1,5000,,,,,,,,https://ofac.treasury.gov/media/12791/download?inline
04/04/2003,2003,Bank of New York,1,24750,,,,,,,,https://ofac.treasury.gov/media/12791/download?inline
04/04/2003,2003,"Barwill Agencies (N.A.), Inc.",1,8250,,,,,,,,https://ofac.treasury.gov/media/12791/download?inline
04/04/2003,2003,Bio Check Corp.,1,32000,,,,,,,,https://ofac.treasury.gov/media/12791/download?inline
04/04/2003,2003,The Cargill Lumber Co.,1,2000,,,,,,,,https://ofac.treasury.gov/media/12791/download?inline
04/04/2003,2003,Carrier Access Corp.,1,13000,,,,,,,,https://ofac.treasury.gov/media/12791/download?inline
04/04/2003,2003,"Caterpillar, Inc.",1,18000,,,,,,,,https://ofac.treasury.gov/media/12791/download?inline
04/04/2003,2003,"Cephar International, Inc.",1,2750,,,,,,,,https://ofac.treasury.gov/media/12791/download?inline
04/04/2003,2003,Charmilles Technologies Manufacturing Corporation,1,5000,,,,,,,,https://ofac.treasury.gov/media/12791/download?inline
04/04/2003,2003,Chevron/Texaco,1,14071.07,,,,,,,,https://ofac.treasury.gov/media/12791/download?inline
04/04/2003,2003,"Citibank, N.A.",1,2500,,,,,,,,https://ofac.treasury.gov/media/12791/download?inline
04/04/2003,2003,"Citibank, N.A.",1,2925,,,,,,,,https://ofac.treasury.gov/media/12791/download?inline
04/04/2003,2003,"Cooper Industries, Inc.",1,13658,,,,,,,,https://ofac.treasury.gov/media/12791/download?inline
04/04/2003,2003,Cornell Pump Co.,1,1936,,,,,,,,https://ofac.treasury.gov/media/12791/download?inline
04/04/2003,2003,"Credit Lyonnais, NY",1,5500,,,,,,,,https://ofac.treasury.gov/media/12791/download?inline
04/04/2003,2003,"Dow Agrosciences, LLC",1,20000,,,,,,,,https://ofac.treasury.gov/media/12791/download?inline
04/04/2003,2003,"EMO Trans Georgia, Inc.",1,1550,,,,,,,,https://ofac.treasury.gov/media/12791/download?inline
04/04/2003,2003,"ESPN, Inc.",1,39050.86,,,,,,,,https://ofac.treasury.gov/media/12791/download?inline
04/04/2003,2003,Exxon Mobil Corp.,1,50000,,,,,,,,https://ofac.treasury.gov/media/12791/download?inline
04/04/2003,2003,"First Security Bank, Utah",1,63200,,,,,,,,https://ofac.treasury.gov/media/12791/download?inline
04/04/2003,2003,Fleet Bank,1,41050,,,,,,,,https://ofac.treasury.gov/media/12791/download?inline
04/04/2003,2003,GEM Communications,1,542.36,,,,,,,,https://ofac.treasury.gov/media/12791/download?inline
04/04/2003,2003,"IGI, Inc.",1,225000,,,,,,,,https://ofac.treasury.gov/media/12791/download?inline
04/04/2003,2003,International Union of Pure & Applied Chemistry (IUPAC),1,500,,,,,,,,https://ofac.treasury.gov/media/12791/download?inline
04/04/2003,2003,International Physicians for the Prevention of Nuclear War Inc. (IPPNW),1,500,,,,,,,,https://ofac.treasury.gov/media/12791/download?inline
04/04/2003,2003,"Metso Minerals, a/k/a Svedala Industries, Inc.",1,10000,,,,,,,,https://ofac.treasury.gov/media/12791/download?inline
04/04/2003,2003,"MSA Haute Couture, Inc.",1,4000,,,,,,,,https://ofac.treasury.gov/media/12791/download?inline
04/04/2003,2003,National Australia Bank,1,4779.73,,,,,,,,https://ofac.treasury.gov/media/12791/download?inline
04/04/2003,2003,"Northern Trust, IBC",1,18027,,,,,,,,https://ofac.treasury.gov/media/12791/download?inline
04/04/2003,2003,Omega World Travel,1,1000,,,,,,,,https://ofac.treasury.gov/media/12791/download?inline
04/04/2003,2003,"Paul Sims, Inc.",1,1880,,,,,,,,https://ofac.treasury.gov/media/12791/download?inline
04/04/2003,2003,Royal Crown Co.,1,38200,,,,,,,,https://ofac.treasury.gov/media/12791/download?inline
04/04/2003,2003,John Royle & Sons,1,3000,,,,,,,,https://ofac.treasury.gov/media/12791/download?inline
04/04/2003,2003,Safra National Bank,1,5380.79,,,,,,,,https://ofac.treasury.gov/media/12791/download?inline
04/04/2003,2003,Stanadyne Automotive Corp.,1,1000,,,,,,,,https://ofac.treasury.gov/media/12791/download?inline
04/04/2003,2003,"Tacala, Inc.",1,1235,,,,,,,,https://ofac.treasury.gov/media/12791/download?inline
04/04/2003,2003,Triangle Wholesale,1,11000,,,,,,,,https://ofac.treasury.gov/media/12791/download?inline
04/04/2003,2003,Union Bank of CA,1,14913.96,,,,,,,,https://ofac.treasury.gov/media/12791/download?inline
04/04/2003,2003,Union Bank of CA,1,12000,,,,,,,,https://ofac.treasury.gov/media/12791/download?inline
04/04/2003,2003,Union Planters Bank,1,4500,,,,,,,,https://ofac.treasury.gov/media/12791/download?inline
04/04/2003,2003,Vee-Marine Int'l Corp.,1,24750,,,,,,,,https://ofac.treasury.gov/media/12791/download?inline
04/04/2003,2003,"Wal-Mart Stores, Inc.",1,50000,,,,,,,,https://ofac.treasury.gov/media/12791/download?inline
04/04/2003,2003,Wells Fargo Bank,1,5500,,,,,,,,https://ofac.treasury.gov/media/12791/download?inline
04/04/2003,2003,Witte Travel & Tours,1,1300,,,,,,,,https://ofac.treasury.gov/media/12791/download?inline
04/04/2003,2003,World Auto Parts,1,5500,,,,,,,,https://ofac.treasury.gov/media/12791/download?inline
04/04/2003,2003,Yusen Air & Sea Services (USA),1,767.51,,,,,,,,https://ofac.treasury.gov/media/12791/download?inline
04/04/2003,2003,"Zim American Israeli Shipping Co., Inc.",1,250000,,,,,,,,https://ofac.treasury.gov/media/12791/download?inline
04/04/2003,2003,Individuals,3,9000,,,,,,,,https://ofac.treasury.gov/media/12791/download?inline
04/04/2003,2003,Individual,1,1750,,,,,,,,https://ofac.treasury.gov/media/12791/download?inline
09/05/2003,2003,None,0,0,,,,,,,,https://ofac.treasury.gov/media/12851/download?inline
12/05/2003,2003,Aeronet Worldwide,1,3978,,,,,,,,https://ofac.treasury.gov/media/12896/download?inline
12/05/2003,2003,"Bethyl Laboratories, Inc.",1,4125,,,,,,,,https://ofac.treasury.gov/media/12896/download?inline
12/05/2003,2003,Bridgeview Bank on behalf of Uptown National Bank of Chicago,1,5500,,,,,,,,https://ofac.treasury.gov/media/12896/download?inline
12/05/2003,2003,East Bay Tire Co.,1,4747,,,,,,,,https://ofac.treasury.gov/media/12896/download?inline
12/05/2003,2003,"Farmland Industries, Inc. on behalf of Tradigrain, Inc.",1,2750,,,,,,,,https://ofac.treasury.gov/media/12896/download?inline
12/05/2003,2003,"HP Schmid, Inc.",1,2750,,,,,,,,https://ofac.treasury.gov/media/12896/download?inline
12/05/2003,2003,"Lockwood Trade Journal Co., Inc. and Lockwood Publications, Inc.",1,2008.13,,,,,,,,https://ofac.treasury.gov/media/12896/download?inline
12/05/2003,2003,"MRV Communications, Inc. on behalf of Nbase-Xyplex",1,1484.01,,,,,,,,https://ofac.treasury.gov/media/12896/download?inline
12/05/2003,2003,"Polsteam USA, Inc.",1,5500,,,,,,,,https://ofac.treasury.gov/media/12896/download?inline
12/05/2003,2003,"Titmus Optical, Inc.",1,1623,,,,,,,,https://ofac.treasury.gov/media/12896/download?inline
12/05/2003,2003,"Topcon Positioning Systems, Inc. on behalf of Javad Position Systems",1,12000,,,,,,,,https://ofac.treasury.gov/media/12896/download?inline
12/05/2003,2003,"Transpo Electronics, Inc.",1,15500,,,,,,,,https://ofac.treasury.gov/media/12896/download?inline
12/05/2003,2003,"Transport Facilitators, Inc.",1,2500,,,,,,,,https://ofac.treasury.gov/media/12896/download?inline
12/05/2003,2003,Universal Services,1,11000,,,,,,,,https://ofac.treasury.gov/media/12896/download?inline
12/05/2003,2003,"Zid Associates, Inc.",1,2550,,,,,,,,https://ofac.treasury.gov/media/12896/download?inline
12/05/2003,2003,Individual,1,1000,,,,,,,,https://ofac.treasury.gov/media/12896/download?inline
12/05/2003,2003,Individual,1,7500,,,,,,,,https://ofac.treasury.gov/media/12896/download?inline
12/05/2003,2003,Individuals,14,32750,,,,,,,,https://ofac.treasury.gov/media/12896/download?inline
12/05/2003,2003,Individual,1,7580,,,,,,,,https://ofac.treasury.gov/media/12896/download?inline
12/05/2003,2003,Individuals,9,13400,,,,,,,,https://ofac.treasury.gov/media/12896/download?inline
12/05/2003,2003,Individual,1,350,,,,,,,,https://ofac.treasury.gov/media/12896/download?inline
06/06/2003,2003,Key-Bell Corporation,1,5697.32,,,,,,,,https://ofac.treasury.gov/media/12811/download?inline
06/06/2003,2003,HSBC Bank USA,1,1944.45,,,,,,,,https://ofac.treasury.gov/media/12811/download?inline
06/06/2003,2003,HSBC Bank USA,1,5500,,,,,,,,https://ofac.treasury.gov/media/12811/download?inline
06/06/2003,2003,HSBC Bank USA,1,11000,,,,,,,,https://ofac.treasury.gov/media/12811/download?inline
06/06/2003,2003,"Varco international, Inc.",1,7428.59,,,,,,,,https://ofac.treasury.gov/media/12811/download?inline
06/06/2003,2003,U.S. Volleyball Association,1,10000,,,,,,,,https://ofac.treasury.gov/media/12811/download?inline
06/06/2003,2003,Univar USA Inc.,1,3952.1,,,,,,,,https://ofac.treasury.gov/media/12811/download?inline
06/06/2003,2003,"J.F. Moran Co., Inc.",1,430,,,,,,,,https://ofac.treasury.gov/media/12811/download?inline
06/06/2003,2003,State Street Bank & Trust Co.,1,22000,,,,,,,,https://ofac.treasury.gov/media/12811/download?inline
06/06/2003,2003,Linker Equipment Corporation,1,22000,,,,,,,,https://ofac.treasury.gov/media/12811/download?inline
06/06/2003,2003,"MAG Instrument, Inc.",1,4600,,,,,,,,https://ofac.treasury.gov/media/12811/download?inline
06/06/2003,2003,Individuals,6,6000,,,,,,,,https://ofac.treasury.gov/media/12811/download?inline
06/06/2003,2003,Individual,1,1911.25,,,,,,,,https://ofac.treasury.gov/media/12811/download?inline
06/06/2003,2003,Individual,1,5000,,,,,,,,https://ofac.treasury.gov/media/12811/download?inline
06/06/2003,2003,Individuals,2,11000,,,,,,,,https://ofac.treasury.gov/media/12811/download?inline
11/07/2003,2003,Bank of America,1,4308,,,,,,,,https://ofac.treasury.gov/media/12781/download?inline
11/07/2003,2003,Bank of America,1,158038.67,,,,,,,,https://ofac.treasury.gov/media/12781/download?inline
11/07/2003,2003,Bank of Communications,1,2684,,,,,,,,https://ofac.treasury.gov/media/12781/download?inline
11/07/2003,2003,Barclays Bank PLC,1,10107.72,,,,,,,,https://ofac.treasury.gov/media/12781/download?inline
11/07/2003,2003,"BetzDearborn, Inc. on behalf of Hercules Canada",1,45000,,,,,,,,https://ofac.treasury.gov/media/12781/download?inline
11/07/2003,2003,"Brastrade Brazilian Trading Co., Inc.",1,6600,,,,,,,,https://ofac.treasury.gov/media/12781/download?inline
11/07/2003,2003,Creative Development,1,817.9,,,,,,,,https://ofac.treasury.gov/media/12781/download?inline
11/07/2003,2003,"Cuba Tours & Travel, LLC",1,800,,,,,,,,https://ofac.treasury.gov/media/12781/download?inline
11/07/2003,2003,Disarm Education Fund,1,13750,,,,,,,,https://ofac.treasury.gov/media/12781/download?inline
11/07/2003,2003,"Doma Shipping & Travel, Inc.",1,1473,,,,,,,,https://ofac.treasury.gov/media/12781/download?inline
11/07/2003,2003,Fracht FWO Inc.,1,768.1,,,,,,,,https://ofac.treasury.gov/media/12781/download?inline
11/07/2003,2003,Intrust Bank,1,8000,,,,,,,,https://ofac.treasury.gov/media/12781/download?inline
11/07/2003,2003,L-3 Communications Corp. on behalf of Goodrich Aerospace,1,785,,,,,,,,https://ofac.treasury.gov/media/12781/download?inline
11/07/2003,2003,Menlo Worldwide Forwarding on behalf of Emery Worldwide,1,588,,,,,,,,https://ofac.treasury.gov/media/12781/download?inline
11/07/2003,2003,SG Global S.A. and United Marine Ltd.,1,6200,,,,,,,,https://ofac.treasury.gov/media/12781/download?inline
11/07/2003,2003,Societe Generale,1,6600,,,,,,,,https://ofac.treasury.gov/media/12781/download?inline
11/07/2003,2003,South Trust Bank,1,2750,,,,,,,,https://ofac.treasury.gov/media/12781/download?inline
11/07/2003,2003,Individuals,2,15000,,,,,,,,https://ofac.treasury.gov/media/12781/download?inline
11/07/2003,2003,Individuals,10,64000,,,,,,,,https://ofac.treasury.gov/media/12781/download?inline
11/07/2003,2003,Individuals,13,12750,,,,,,,,https://ofac.treasury.gov/media/12781/download?inline
11/07/2003,2003,Individuals,2,26115,,,,,,,,https://ofac.treasury.gov/media/12781/download?inline
11/07/2003,2003,Individual,1,812.5,,,,,,,,https://ofac.treasury.gov/media/12781/download?inline
11/07/2003,2003,Individual,1,2300,,,,,,,,https://ofac.treasury.gov/media/12781/download?inline
11/07/2003,2003,"Alpha Industries, Inc.",1,7500,,,,,,,,https://ofac.treasury.gov/media/12781/download?inline
08/08/2003,2003,DNT International Inc.,1,3599.23,,,,,,,,https://ofac.treasury.gov/media/12776/download?inline
08/08/2003,2003,Individuals,3,17500,,,,,,,,https://ofac.treasury.gov/media/12776/download?inline
08/08/2003,2003,Individuals,3,15303.33,,,,,,,,https://ofac.treasury.gov/media/12776/download?inline
08/08/2003,2003,Individual,1,500,,,,,,,,https://ofac.treasury.gov/media/12776/download?inline
08/08/2003,2003,Individuals,5,0,,,,,,,,https://ofac.treasury.gov/media/12776/download?inline
05/09/2003,2003,Dewey Ballantine LLP,1,13750,,,,,,,,https://ofac.treasury.gov/media/12766/download?inline
05/09/2003,2003,Individual,1,1875,,,,,,,,https://ofac.treasury.gov/media/12766/download?inline
05/09/2003,2003,Avedis Zildjian Company,1,2000,,,,,,,,https://ofac.treasury.gov/media/12766/download?inline
04/11/2003,2003,New York Yankees,1,75000,,,,,,,,https://ofac.treasury.gov/media/12881/download?inline
04/11/2003,2003,State Bank of India,1,5500,,,,,,,,https://ofac.treasury.gov/media/12881/download?inline
04/11/2003,2003,Ruffin Company,1,42964.18,,,,,,,,https://ofac.treasury.gov/media/12881/download?inline
04/11/2003,2003,Stolt-Nielson Transportation Group,1,95000,,,,,,,,https://ofac.treasury.gov/media/12881/download?inline
04/11/2003,2003,"Silberline Manufacturing Co., Inc.",1,2750,,,,,,,,https://ofac.treasury.gov/media/12881/download?inline
04/11/2003,2003,Individual,1,3875,,,,,,,,https://ofac.treasury.gov/media/12881/download?inline
04/11/2003,2003,Individuals,7,0,,,,,,,,https://ofac.treasury.gov/media/12881/download?inline
07/11/2003,2003,AdMarket International,1,1115.61,,,,,,,,https://ofac.treasury.gov/media/12871/download?inline
07/11/2003,2003,Ingersoll-Rand Co.,1,137500,,,,,,,,https://ofac.treasury.gov/media/12871/download?inline
07/11/2003,2003,Bently Nevada Corporation,1,8250,,,,,,,,https://ofac.treasury.gov/media/12871/download?inline
07/11/2003,2003,"Societe Generale, New York",1,11000,,,,,,,,https://ofac.treasury.gov/media/12871/download?inline
07/11/2003,2003,Individuals,4,23829.33,,,,,,,,https://ofac.treasury.gov/media/12871/download?inline
07/11/2003,2003,Individual,1,10000,,,,,,,,https://ofac.treasury.gov/media/12871/download?inline
07/11/2003,2003,Individual,1,2000,,,,,,,,https://ofac.treasury.gov/media/12871/download?inline
07/11/2003,2003,Individuals,5,4866.34,,,,,,,,https://ofac.treasury.gov/media/12871/download?inline
06/13/2003,2003,Bank United,1,5842.5,,,,,,,,https://ofac.treasury.gov/media/12866/download?inline
06/13/2003,2003,Union Bank of California,1,4800,,,,,,,,https://ofac.treasury.gov/media/12866/download?inline
06/13/2003,2003,Planson International Corp.,1,1091.25,,,,,,,,https://ofac.treasury.gov/media/12866/download?inline
06/13/2003,2003,Lydall Inc.,1,2750,,,,,,,,https://ofac.treasury.gov/media/12866/download?inline
06/13/2003,2003,Individuals,5,29655,,,,,,,,https://ofac.treasury.gov/media/12866/download?inline
06/13/2003,2003,Individual,1,1147,,,,,,,,https://ofac.treasury.gov/media/12866/download?inline
06/13/2003,2003,Individuals,2,15193,,,,,,,,https://ofac.treasury.gov/media/12866/download?inline
06/13/2003,2003,Individual,1,1937.5,,,,,,,,https://ofac.treasury.gov/media/12866/download?inline
06/13/2003,2003,Individuals,2,16667,,,,,,,,https://ofac.treasury.gov/media/12866/download?inline
08/15/2003,2003,None,0,0,,,,,,,,https://ofac.treasury.gov/media/12831/download?inline
05/16/2003,2003,"E.H. Wachs Company, Inc.",1,85000,,,,,,,,https://ofac.treasury.gov/media/12801/download?inline
05/16/2003,2003,Individual,1,7089,,,,,,,,https://ofac.treasury.gov/media/12801/download?inline
04/18/2003,2003,Voices in the Wilderness,1,20000,,,,,,,,https://ofac.treasury.gov/media/12796/download?inline
04/18/2003,2003,"Playboy Enterprises, Inc.",1,27500,,,,,,,,https://ofac.treasury.gov/media/12796/download?inline
04/18/2003,2003,"Scientific Games, Inc.",1,3000,,,,,,,,https://ofac.treasury.gov/media/12796/download?inline
04/18/2003,2003,Individual,1,6840,,,,,,,,https://ofac.treasury.gov/media/12796/download?inline
07/18/2003,2003,Bank Polska Kasa Opieki SA/Bank Pekao SA,1,9725,,,,,,,,https://ofac.treasury.gov/media/12821/download?inline
07/18/2003,2003,Green Peace Shipping Lines,1,4000,,,,,,,,https://ofac.treasury.gov/media/12821/download?inline
07/18/2003,2003,National City Bank,1,5500,,,,,,,,https://ofac.treasury.gov/media/12821/download?inline
07/18/2003,2003,National City Bank,1,250,,,,,,,,https://ofac.treasury.gov/media/12821/download?inline
07/18/2003,2003,University of California at Los Angeles,1,5750,,,,,,,,https://ofac.treasury.gov/media/12821/download?inline
07/18/2003,2003,"Hanjin Shipping Co., Ltd.",1,39160,,,,,,,,https://ofac.treasury.gov/media/12821/download?inline
07/18/2003,2003,Individuals,2,27540,,,,,,,,https://ofac.treasury.gov/media/12821/download?inline
07/18/2003,2003,Individual,1,10000,,,,,,,,https://ofac.treasury.gov/media/12821/download?inline
07/18/2003,2003,Individuals,2,15000,,,,,,,,https://ofac.treasury.gov/media/12821/download?inline
07/18/2003,2003,Individual,1,589,,,,,,,,https://ofac.treasury.gov/media/12821/download?inline
07/18/2003,2003,Individual,1,8250,,,,,,,,https://ofac.treasury.gov/media/12821/download?inline
06/20/2003,2003,"Coastal Oceanographics, Inc.",1,56750,,,,,,,,https://ofac.treasury.gov/media/12816/download?inline
06/20/2003,2003,AAR International Inc.,1,9400,,,,,,,,https://ofac.treasury.gov/media/12816/download?inline
06/20/2003,2003,Individuals,3,15000,,,,,,,,https://ofac.treasury.gov/media/12816/download?inline
06/20/2003,2003,Individuals,3,2250,,,,,,,,https://ofac.treasury.gov/media/12816/download?inline
06/20/2003,2003,Individuals,3,4005,,,,,,,,https://ofac.treasury.gov/media/12816/download?inline
08/22/2003,2003,None,0,0,,,,,,,,https://ofac.treasury.gov/media/12836/download?inline
05/23/2003,2003,Mr. Travel,1,2000,,,,,,,,https://ofac.treasury.gov/media/12861/download?inline
05/23/2003,2003,Individuals,2,5500,,,,,,,,https://ofac.treasury.gov/media/12861/download?inline
05/23/2003,2003,Individual,1,5000,,,,,,,,https://ofac.treasury.gov/media/12861/download?inline
04/25/2003,2003,"LKC Technologies, Inc.",1,2750,,,,,,,,https://ofac.treasury.gov/media/12856/download?inline
04/25/2003,2003,Bank of the West on behalf of Sanwa Bank,1,72220,,,,,,,,https://ofac.treasury.gov/media/12856/download?inline
04/25/2003,2003,"Havanatur & Travel Service, Inc.",1,2000,,,,,,,,https://ofac.treasury.gov/media/12856/download?inline
04/25/2003,2003,Individuals,2,10500,,,,,,,,https://ofac.treasury.gov/media/12856/download?inline
07/25/2003,2003,ST Travel,1,2948,,,,,,,,https://ofac.treasury.gov/media/12891/download?inline
07/25/2003,2003,Individuals,2,20000,,,,,,,,https://ofac.treasury.gov/media/12891/download?inline
07/25/2003,2003,Individuals,5,30000,,,,,,,,https://ofac.treasury.gov/media/12891/download?inline
07/25/2003,2003,Individuals,2,1130,,,,,,,,https://ofac.treasury.gov/media/12891/download?inline
07/25/2003,2003,Individual,1,5100,,,,,,,,https://ofac.treasury.gov/media/12891/download?inline
06/27/2003,2003,American Airlines,1,47250,,,,,,,,https://ofac.treasury.gov/media/12771/download?inline
06/27/2003,2003,American Airlines,1,2750,,,,,,,,https://ofac.treasury.gov/media/12771/download?inline
06/27/2003,2003,Individuals,2,9319,,,,,,,,https://ofac.treasury.gov/media/12771/download?inline
08/29/2003,2003,None,0,0,,,,,,,,https://ofac.treasury.gov/media/12876/download?inline
05/30/2003,2003,UBS (USA) Inc.,1,14750,,,,,,,,https://ofac.treasury.gov/media/12806/download?inline
05/30/2003,2003,UBS (USA) Inc.,1,5000,,,,,,,,https://ofac.treasury.gov/media/12806/download?inline
05/30/2003,2003,Felins USA Inc.,1,5500,,,,,,,,https://ofac.treasury.gov/media/12806/download?inline
10/01/2004,2004,"Beau Rivage Resorts, Inc.",1,5625,,,,,,,,https://ofac.treasury.gov/media/12671/download?inline
10/01/2004,2004,Ebara International Corp.,1,44000,,,,,,,,https://ofac.treasury.gov/media/12671/download?inline
10/01/2004,2004,Fleet National Bank on behalf of Bank of Boston and Sure Trade,1,58944,,,,,,,,https://ofac.treasury.gov/media/12671/download?inline
10/01/2004,2004,Guaranty Bank,1,5000,,,,,,,,https://ofac.treasury.gov/media/12671/download?inline
10/01/2004,2004,Healy and Baillie LLP,1,1000,,,,,,,,https://ofac.treasury.gov/media/12671/download?inline
10/01/2004,2004,"Medtronic MiniMed, Inc.",1,12500,,,,,,,,https://ofac.treasury.gov/media/12671/download?inline
10/01/2004,2004,RBC Centura,1,300,,,,,,,,https://ofac.treasury.gov/media/12671/download?inline
10/01/2004,2004,Rosser Family Foundation's International Cooperating Ministries,1,4372.5,,,,,,,,https://ofac.treasury.gov/media/12671/download?inline
10/01/2004,2004,"SDV (USA), Inc.",1,5143.51,,,,,,,,https://ofac.treasury.gov/media/12671/download?inline
10/01/2004,2004,Individuals,7,13125,,,,,,,,https://ofac.treasury.gov/media/12671/download?inline
10/01/2004,2004,Individuals,3,9037.5,,,,,,,,https://ofac.treasury.gov/media/12671/download?inline
10/01/2004,2004,Individual,1,33000,,,,,,,,https://ofac.treasury.gov/media/12671/download?inline
01/02/2004,2004,Arab Banking Corp.,1,5500,,,,,,,,https://ofac.treasury.gov/media/12711/download?inline
01/02/2004,2004,Bank of China,1,10000,,,,,,,,https://ofac.treasury.gov/media/12711/download?inline
01/02/2004,2004,Eastern Financial Florida Credit Union,1,4000,,,,,,,,https://ofac.treasury.gov/media/12711/download?inline
01/02/2004,2004,JP Morgan Chase & Co.,1,17303.95,,,,,,,,https://ofac.treasury.gov/media/12711/download?inline
01/02/2004,2004,JP Morgan Chase & Co.,1,73281.25,,,,,,,,https://ofac.treasury.gov/media/12711/download?inline
01/02/2004,2004,Individuals,2,10050.66,,,,,,,,https://ofac.treasury.gov/media/12711/download?inline
01/02/2004,2004,Individuals,16,18000,,,,,,,,https://ofac.treasury.gov/media/12711/download?inline
01/02/2004,2004,Individuals,10,11500,,,,,,,,https://ofac.treasury.gov/media/12711/download?inline
01/02/2004,2004,Individual,1,32980,,,,,,,,https://ofac.treasury.gov/media/12711/download?inline
04/02/2004,2004,Air Jamaica Ltd.,1,18750,,,,,,,,https://ofac.treasury.gov/media/12696/download?inline
04/02/2004,2004,"Alpha Pharmaceutical, Inc.; ICN Farmaceutica S.A. de C.V.; and Laboratorios Grossman, S.A.",1,198711.73,,,,,,,,https://ofac.treasury.gov/media/12696/download?inline
04/02/2004,2004,Alitalia Airlines,1,500,,,,,,,,https://ofac.treasury.gov/media/12696/download?inline
04/02/2004,2004,"Association of Field Ornithologists, Inc.",1,495,,,,,,,,https://ofac.treasury.gov/media/12696/download?inline
04/02/2004,2004,"Astar Air Cargo, Inc. on behalf of DHL Airways, Inc.",1,28073.59,,,,,,,,https://ofac.treasury.gov/media/12696/download?inline
04/02/2004,2004,Avid Airline Products,1,605.5,,,,,,,,https://ofac.treasury.gov/media/12696/download?inline
04/02/2004,2004,Banca Commerciale Italiana,1,6450.6,,,,,,,,https://ofac.treasury.gov/media/12696/download?inline
04/02/2004,2004,Bank of New York,1,137500,,,,,,,,https://ofac.treasury.gov/media/12696/download?inline
04/02/2004,2004,"CNF, Inc. on behalf of Emery Worldwide",1,812.12,,,,,,,,https://ofac.treasury.gov/media/12696/download?inline
04/02/2004,2004,"Eagle Global Logistics on behalf of Circle International, Inc.",1,22285.77,,,,,,,,https://ofac.treasury.gov/media/12696/download?inline
04/02/2004,2004,"Evergreen International Airlines, Inc.",1,550,,,,,,,,https://ofac.treasury.gov/media/12696/download?inline
04/02/2004,2004,Industria Compozioni Stampate SpA and Societa Industriale Accumulatori SpA,1,30248,,,,,,,,https://ofac.treasury.gov/media/12696/download?inline
04/02/2004,2004,"Maersk Line, Ltd.",1,5500,,,,,,,,https://ofac.treasury.gov/media/12696/download?inline
04/02/2004,2004,Metropolitan Life Insurance Company,1,4591.82,,,,,,,,https://ofac.treasury.gov/media/12696/download?inline
04/02/2004,2004,Only Believe Ministries,1,4125,,,,,,,,https://ofac.treasury.gov/media/12696/download?inline
04/02/2004,2004,Premiere Travel of Ohio,1,750,,,,,,,,https://ofac.treasury.gov/media/12696/download?inline
04/02/2004,2004,Shinnecock Smoke Shop,1,6500,,,,,,,,https://ofac.treasury.gov/media/12696/download?inline
04/02/2004,2004,"ShopBot Tools, Inc.",1,3250,,,,,,,,https://ofac.treasury.gov/media/12696/download?inline
04/02/2004,2004,"Trek Tours, Ltd.",1,2000,,,,,,,,https://ofac.treasury.gov/media/12696/download?inline
04/02/2004,2004,Virgin Atlantic Cargo,1,605.5,,,,,,,,https://ofac.treasury.gov/media/12696/download?inline
04/02/2004,2004,Individuals,17,27350,,,,,,,,https://ofac.treasury.gov/media/12696/download?inline
04/02/2004,2004,Individual,1,5000,,,,,,,,https://ofac.treasury.gov/media/12696/download?inline
04/02/2004,2004,Individuals,5,8448.5,,,,,,,,https://ofac.treasury.gov/media/12696/download?inline
04/02/2004,2004,Individual,1,5257,,,,,,,,https://ofac.treasury.gov/media/12696/download?inline
04/02/2004,2004,Individual,1,200,,,,,,,,https://ofac.treasury.gov/media/12696/download?inline
04/02/2004,2004,Individual,1,2917.5,,,,,,,,https://ofac.treasury.gov/media/12696/download?inline
07/02/2004,2004,"Atlas Tube, Inc.",1,126500,,,,,,,,https://ofac.treasury.gov/media/12666/download?inline
07/02/2004,2004,"Cable News International and Cable News Network, Inc.",1,7500,,,,,,,,https://ofac.treasury.gov/media/12666/download?inline
07/02/2004,2004,Church Pension Fund,1,74294.01,,,,,,,,https://ofac.treasury.gov/media/12666/download?inline
07/02/2004,2004,Citicorp Vendor Finance Ltd.,1,7379.91,,,,,,,,https://ofac.treasury.gov/media/12666/download?inline
07/02/2004,2004,"Clearskies, Inc.",1,3811.21,,,,,,,,https://ofac.treasury.gov/media/12666/download?inline
07/02/2004,2004,Educational Development Center,1,1740.51,,,,,,,,https://ofac.treasury.gov/media/12666/download?inline
07/02/2004,2004,"Flyrite Travel Bargain, Inc. dba Travel Bargain",1,2250,,,,,,,,https://ofac.treasury.gov/media/12666/download?inline
07/02/2004,2004,International Bank of Commerce,1,24512.79,,,,,,,,https://ofac.treasury.gov/media/12666/download?inline
07/02/2004,2004,International Music Network,1,92093.75,,,,,,,,https://ofac.treasury.gov/media/12666/download?inline
07/02/2004,2004,"Merrill Lynch, Pierce, Fenner & Smith, Inc.",1,22904,,,,,,,,https://ofac.treasury.gov/media/12666/download?inline
07/02/2004,2004,USA Gymnastics,1,4243,,,,,,,,https://ofac.treasury.gov/media/12666/download?inline
07/02/2004,2004,Individuals,12,12500,,,,,,,,https://ofac.treasury.gov/media/12666/download?inline
09/03/2004,2004,Alto Products Corp.,1,13750,,,,,,,,https://ofac.treasury.gov/media/12726/download?inline
09/03/2004,2004,"American Express Company, Inc. on behalf of American Express, S.A. de C.V.",1,18391,,,,,,,,https://ofac.treasury.gov/media/12726/download?inline
09/03/2004,2004,"American Express Company, Inc. on behalf of American Express Bank Ltd.",1,2750,,,,,,,,https://ofac.treasury.gov/media/12726/download?inline
09/03/2004,2004,"American Express Company, Inc. on behalf of American Express Bank Ltd.",1,5500,,,,,,,,https://ofac.treasury.gov/media/12726/download?inline
09/03/2004,2004,"API International, Inc.",1,10000,,,,,,,,https://ofac.treasury.gov/media/12726/download?inline
09/03/2004,2004,"Atlanco Products, a Division of Atlanta Army-Navy Supply Co.",1,10909.44,,,,,,,,https://ofac.treasury.gov/media/12726/download?inline
09/03/2004,2004,"Comet Exportair, Inc",1,1500,,,,,,,,https://ofac.treasury.gov/media/12726/download?inline
09/03/2004,2004,DnB Nor Bank fka Den Norske Bank,1,7855.45,,,,,,,,https://ofac.treasury.gov/media/12726/download?inline
09/03/2004,2004,"Dolphin Lagoon, Inc. dba Dolphin Fantaseas, Inc.",1,25000,,,,,,,,https://ofac.treasury.gov/media/12726/download?inline
09/03/2004,2004,Eaton Corp.,1,4125,,,,,,,,https://ofac.treasury.gov/media/12726/download?inline
09/03/2004,2004,EDSA Micro Corp.,1,4800,,,,,,,,https://ofac.treasury.gov/media/12726/download?inline
09/03/2004,2004,Falcon Chemical Corp.,1,2750,,,,,,,,https://ofac.treasury.gov/media/12726/download?inline
09/03/2004,2004,First National Bank,1,19200,,,,,,,,https://ofac.treasury.gov/media/12726/download?inline
09/03/2004,2004,Foothills Property Inc.,1,8250,,,,,,,,https://ofac.treasury.gov/media/12726/download?inline
09/03/2004,2004,Hanmi Bank,1,7000,,,,,,,,https://ofac.treasury.gov/media/12726/download?inline
09/03/2004,2004,Irridelco International Corp.,1,68750,,,,,,,,https://ofac.treasury.gov/media/12726/download?inline
09/03/2004,2004,Sempra Energy Trading Corp. on behalf of Sempra Metal Ltd.,1,64000,,,,,,,,https://ofac.treasury.gov/media/12726/download?inline
09/03/2004,2004,"Skyline Displays, Inc.",1,2857.65,,,,,,,,https://ofac.treasury.gov/media/12726/download?inline
09/03/2004,2004,"Smith Medical PM, Inc. fka BCI Inc.",1,3500,,,,,,,,https://ofac.treasury.gov/media/12726/download?inline
09/03/2004,2004,Spitzer Addis Susman & Krull,1,2500,,,,,,,,https://ofac.treasury.gov/media/12726/download?inline
09/03/2004,2004,"Travel Dynamics, Inc.",1,5535,,,,,,,,https://ofac.treasury.gov/media/12726/download?inline
09/03/2004,2004,US Bancorp on Behalf of California United Bank,1,7250,,,,,,,,https://ofac.treasury.gov/media/12726/download?inline
09/03/2004,2004,World-Wide Sires Inc.,1,5500,,,,,,,,https://ofac.treasury.gov/media/12726/download?inline
09/03/2004,2004,Individuals,19,23975,,,,,,,,https://ofac.treasury.gov/media/12726/download?inline
09/03/2004,2004,Individuals,12,14575,,,,,,,,https://ofac.treasury.gov/media/12726/download?inline
09/03/2004,2004,Individual,1,25000,,,,,,,,https://ofac.treasury.gov/media/12726/download?inline
09/03/2004,2004,Individual,1,525,,,,,,,,https://ofac.treasury.gov/media/12726/download?inline
09/03/2004,2004,Individuals,2,24797,,,,,,,,https://ofac.treasury.gov/media/12726/download?inline
09/03/2004,2004,Individual,1,16500,,,,,,,,https://ofac.treasury.gov/media/12726/download?inline
12/03/2004,2004,2Checkout.com Inc.,1,796,,,,,,,,https://ofac.treasury.gov/media/12716/download?inline
12/03/2004,2004,Intertek Testing Services,1,1788,,,,,,,,https://ofac.treasury.gov/media/12716/download?inline
12/03/2004,2004,New Sensor Corporation,1,2500,,,,,,,,https://ofac.treasury.gov/media/12716/download?inline
12/03/2004,2004,Santander Bank & Trust (Bahamas) Ltd. (formerly Santander Central Hispano Bank & Trust [Bahamas] Ltd.),1,20000,,,,,,,,https://ofac.treasury.gov/media/12716/download?inline
12/03/2004,2004,Individuals,28,28500,,,,,,,,https://ofac.treasury.gov/media/12716/download?inline
12/03/2004,2004,Individuals,5,6237.5,,,,,,,,https://ofac.treasury.gov/media/12716/download?inline
06/04/2004,2004,Charles M. Schayer & Co.,1,6045.52,,,,,,,,https://ofac.treasury.gov/media/12721/download?inline
06/04/2004,2004,Chiron Corporation Ltd. on behalf of Chiron S.p.A. and Chiron Behring GmbH & Co.,1,168500,,,,,,,,https://ofac.treasury.gov/media/12721/download?inline
06/04/2004,2004,"Expeditors International of Washington, Inc.",1,1200,,,,,,,,https://ofac.treasury.gov/media/12721/download?inline
06/04/2004,2004,Iberia Airlines,1,8200,,,,,,,,https://ofac.treasury.gov/media/12721/download?inline
06/04/2004,2004,"IEPS Electronic, Inc. by Smart Power Systems, Inc.",1,100000,,,,,,,,https://ofac.treasury.gov/media/12721/download?inline
06/04/2004,2004,"Leslie Controls, Inc.",1,3300,,,,,,,,https://ofac.treasury.gov/media/12721/download?inline
06/04/2004,2004,"P.J. Caputo Shipping, Inc.",1,5500,,,,,,,,https://ofac.treasury.gov/media/12721/download?inline
06/04/2004,2004,"Teamwork Telecom, Inc.",1,6041.35,,,,,,,,https://ofac.treasury.gov/media/12721/download?inline
06/04/2004,2004,"Valeant Pharmaceuticals, Inc. on behalf of ICN Pharmaceuticals, Inc and ICN Galenika",1,5500,,,,,,,,https://ofac.treasury.gov/media/12721/download?inline
06/04/2004,2004,Vision International Missions,1,1500,,,,,,,,https://ofac.treasury.gov/media/12721/download?inline
06/04/2004,2004,Wachovia Bank,1,11000,,,,,,,,https://ofac.treasury.gov/media/12721/download?inline
06/04/2004,2004,Wachovia Bank on behalf of First Union Bank,1,18470.3,,,,,,,,https://ofac.treasury.gov/media/12721/download?inline
06/04/2004,2004,Webster Bank on behalf of Village Bank & Trust,1,2823.5,,,,,,,,https://ofac.treasury.gov/media/12721/download?inline
06/04/2004,2004,Individuals,25,26900,,,,,,,,https://ofac.treasury.gov/media/12721/download?inline
06/04/2004,2004,Individuals,8,16250,,,,,,,,https://ofac.treasury.gov/media/12721/download?inline
03/05/2004,2004,"Advanced Logical Research, LLC",1,4765,,,,,,,,https://ofac.treasury.gov/media/12661/download?inline
03/05/2004,2004,"Advest, Inc.",1,500,,,,,,,,https://ofac.treasury.gov/media/12661/download?inline
03/05/2004,2004,"Arcelor Trading USA on behalf of Trade Arbed, Inc.",1,5500,,,,,,,,https://ofac.treasury.gov/media/12661/download?inline
03/05/2004,2004,Austin Bank,1,750,,,,,,,,https://ofac.treasury.gov/media/12661/download?inline
03/05/2004,2004,AT&C Corporation,1,66250,,,,,,,,https://ofac.treasury.gov/media/12661/download?inline
03/05/2004,2004,"Citicorp Vendor Finance, Ltd.",1,1462.5,,,,,,,,https://ofac.treasury.gov/media/12661/download?inline
03/05/2004,2004,"Colt International, Inc.",1,20000,,,,,,,,https://ofac.treasury.gov/media/12661/download?inline
03/05/2004,2004,"First Class Business, Inc.",1,2500,,,,,,,,https://ofac.treasury.gov/media/12661/download?inline
03/05/2004,2004,"HSBC Equator (USA), Inc.",1,2750,,,,,,,,https://ofac.treasury.gov/media/12661/download?inline
03/05/2004,2004,"Naish Sales Hawaii, Division of Nalu Kai, Inc.",1,2645.91,,,,,,,,https://ofac.treasury.gov/media/12661/download?inline
03/05/2004,2004,North Fork Bank,1,3000,,,,,,,,https://ofac.treasury.gov/media/12661/download?inline
03/05/2004,2004,Paragon Federal Credit Union,1,3850,,,,,,,,https://ofac.treasury.gov/media/12661/download?inline
03/05/2004,2004,"Poliner, Poliner, Antin & Cienava Rocco, P.C.",1,2000,,,,,,,,https://ofac.treasury.gov/media/12661/download?inline
03/05/2004,2004,"Ruesch International, Inc.",1,7811.25,,,,,,,,https://ofac.treasury.gov/media/12661/download?inline
03/05/2004,2004,Southeast Corporate Federal Credit Union,1,850,,,,,,,,https://ofac.treasury.gov/media/12661/download?inline
03/05/2004,2004,University Credit Union,1,1275,,,,,,,,https://ofac.treasury.gov/media/12661/download?inline
03/05/2004,2004,"UPS Supply Chain Solutions, Inc. on behalf of Fritz Companies, Inc.",1,3956,,,,,,,,https://ofac.treasury.gov/media/12661/download?inline
03/05/2004,2004,Individuals,10,14375,,,,,,,,https://ofac.treasury.gov/media/12661/download?inline
03/05/2004,2004,Individuals,38,47475,,,,,,,,https://ofac.treasury.gov/media/12661/download?inline
03/05/2004,2004,Individuals,2,2750,,,,,,,,https://ofac.treasury.gov/media/12661/download?inline
03/05/2004,2004,Individual,1,357.5,,,,,,,,https://ofac.treasury.gov/media/12661/download?inline
11/05/2004,2004,BEF Corporation,1,11000,,,,,,,,https://ofac.treasury.gov/media/12736/download?inline
11/05/2004,2004,"DaimlerChrysler North America Holding Corp. on behalf of DaimlerChrysler Vehiculos Comerciales (formerly Mercedes-Benz Mexico, S.A. de C.V.)",1,32500,,,,,,,,https://ofac.treasury.gov/media/12736/download?inline
11/05/2004,2004,Event Electronics LLC,1,2062.6,,,,,,,,https://ofac.treasury.gov/media/12736/download?inline
11/05/2004,2004,Exel Global Logistics Inc.,1,2923,,,,,,,,https://ofac.treasury.gov/media/12736/download?inline
11/05/2004,2004,Fort Dodge Animal Health,1,26956,,,,,,,,https://ofac.treasury.gov/media/12736/download?inline
11/05/2004,2004,Hudson United Bank,1,3346.82,,,,,,,,https://ofac.treasury.gov/media/12736/download?inline
11/05/2004,2004,Kagi,1,3356.15,,,,,,,,https://ofac.treasury.gov/media/12736/download?inline
11/05/2004,2004,Meadowlark Audio Inc.,1,1780,,,,,,,,https://ofac.treasury.gov/media/12736/download?inline
11/05/2004,2004,Individual,1,1125,,,,,,,,https://ofac.treasury.gov/media/12736/download?inline
11/05/2004,2004,Individuals,18,21250,,,,,,,,https://ofac.treasury.gov/media/12736/download?inline
11/05/2004,2004,Individuals,5,4412.5,,,,,,,,https://ofac.treasury.gov/media/12736/download?inline
02/06/2004,2004,"American Express Bank, Ltd.",1,3291.26,,,,,,,,https://ofac.treasury.gov/media/12741/download?inline
02/06/2004,2004,American Services,1,4236.5,,,,,,,,https://ofac.treasury.gov/media/12741/download?inline
02/06/2004,2004,Bank of America,1,13573.26,,,,,,,,https://ofac.treasury.gov/media/12741/download?inline
02/06/2004,2004,Bank One,1,6682.5,,,,,,,,https://ofac.treasury.gov/media/12741/download?inline
02/06/2004,2004,Barclays Bank PLC,1,14970,,,,,,,,https://ofac.treasury.gov/media/12741/download?inline
02/06/2004,2004,"Barry Callebaut USA, Inc.",1,6852.3,,,,,,,,https://ofac.treasury.gov/media/12741/download?inline
02/06/2004,2004,Bank of New York,1,34623.25,,,,,,,,https://ofac.treasury.gov/media/12741/download?inline
02/06/2004,2004,Bank of New York,1,27500,,,,,,,,https://ofac.treasury.gov/media/12741/download?inline
02/06/2004,2004,Bank of New York,1,5500,,,,,,,,https://ofac.treasury.gov/media/12741/download?inline
02/06/2004,2004,Best Lock Corporation on behalf of Best Access Systems,1,2750,,,,,,,,https://ofac.treasury.gov/media/12741/download?inline
02/06/2004,2004,"China Shipping (North America) Holding Co., Ltd.",1,12340,,,,,,,,https://ofac.treasury.gov/media/12741/download?inline
02/06/2004,2004,Columbia Bank,1,1000,,,,,,,,https://ofac.treasury.gov/media/12741/download?inline
02/06/2004,2004,Commerzbank AG,1,5500,,,,,,,,https://ofac.treasury.gov/media/12741/download?inline
02/06/2004,2004,Deutsche Bank,1,5500,,,,,,,,https://ofac.treasury.gov/media/12741/download?inline
02/06/2004,2004,Frederick Taylor University,1,329,,,,,,,,https://ofac.treasury.gov/media/12741/download?inline
02/06/2004,2004,"GFS Chemicals, Inc.",1,718,,,,,,,,https://ofac.treasury.gov/media/12741/download?inline
02/06/2004,2004,Hakan Agro Commodities Trading Co.,1,61526,,,,,,,,https://ofac.treasury.gov/media/12741/download?inline
02/06/2004,2004,Hialeah Gardens Immigration Agency,1,2250,,,,,,,,https://ofac.treasury.gov/media/12741/download?inline
02/06/2004,2004,"Indrill Supply of Texas, Inc.",1,2750,,,,,,,,https://ofac.treasury.gov/media/12741/download?inline
02/06/2004,2004,ITW Ride Quality Products on behalf of ITW Akron Standard,1,3000,,,,,,,,https://ofac.treasury.gov/media/12741/download?inline
02/06/2004,2004,"Jas. D. Easton, Inc.",1,500,,,,,,,,https://ofac.treasury.gov/media/12741/download?inline
02/06/2004,2004,JP Morgan Chase,1,26980,,,,,,,,https://ofac.treasury.gov/media/12741/download?inline
02/06/2004,2004,"Lahey Computer Systems, Inc.",1,750.75,,,,,,,,https://ofac.treasury.gov/media/12741/download?inline
02/06/2004,2004,M & T Bank,1,2250,,,,,,,,https://ofac.treasury.gov/media/12741/download?inline
02/06/2004,2004,"Malf Enterprises, Inc.",1,2364.39,,,,,,,,https://ofac.treasury.gov/media/12741/download?inline
02/06/2004,2004,Mellon Investor Services LLC,1,3673,,,,,,,,https://ofac.treasury.gov/media/12741/download?inline
02/06/2004,2004,Mellon Bank N.A.,1,10400,,,,,,,,https://ofac.treasury.gov/media/12741/download?inline
02/06/2004,2004,Mega Trans Corporation,1,1500,,,,,,,,https://ofac.treasury.gov/media/12741/download?inline
02/06/2004,2004,"Pepsi-Cola Co., Inc.",1,4400,,,,,,,,https://ofac.treasury.gov/media/12741/download?inline
02/06/2004,2004,R-Jet Tek on behalf of Ribbon Tek,1,3600,,,,,,,,https://ofac.treasury.gov/media/12741/download?inline
02/06/2004,2004,"Salvation Army, Texas Division",1,750,,,,,,,,https://ofac.treasury.gov/media/12741/download?inline
02/06/2004,2004,"Trinity Industries de Mexico, S.A. de C.V.",1,55000,,,,,,,,https://ofac.treasury.gov/media/12741/download?inline
02/06/2004,2004,Union Bank of Florida,1,1950,,,,,,,,https://ofac.treasury.gov/media/12741/download?inline
02/06/2004,2004,"U.S. Airways Group, Inc.",1,30100,,,,,,,,https://ofac.treasury.gov/media/12741/download?inline
02/06/2004,2004,"Videojet Technologies, Inc. on behalf of Marconi Data Systems, Inc.",1,4500,,,,,,,,https://ofac.treasury.gov/media/12741/download?inline
02/06/2004,2004,Individual,1,7500,,,,,,,,https://ofac.treasury.gov/media/12741/download?inline
02/06/2004,2004,Individuals,16,21650,,,,,,,,https://ofac.treasury.gov/media/12741/download?inline
02/06/2004,2004,Individuals,2,13257,,,,,,,,https://ofac.treasury.gov/media/12741/download?inline
02/06/2004,2004,Individuals,8,12875.5,,,,,,,,https://ofac.treasury.gov/media/12741/download?inline
02/06/2004,2004,Individuals,2,1980,,,,,,,,https://ofac.treasury.gov/media/12741/download?inline
02/06/2004,2004,Individuals,2,1341.24,,,,,,,,https://ofac.treasury.gov/media/12741/download?inline
08/06/2004,2004,"Advanced Instruments, Inc.",1,4995.68,,,,,,,,https://ofac.treasury.gov/media/12706/download?inline
08/06/2004,2004,Arab Bank PLC,1,2450,,,,,,,,https://ofac.treasury.gov/media/12706/download?inline
08/06/2004,2004,Banco de Chile,1,5500,,,,,,,,https://ofac.treasury.gov/media/12706/download?inline
08/06/2004,2004,Banco do Brasil,1,10162.5,,,,,,,,https://ofac.treasury.gov/media/12706/download?inline
08/06/2004,2004,Bank One,1,5500,,,,,,,,https://ofac.treasury.gov/media/12706/download?inline
08/06/2004,2004,Bristol-Myers Squibb Company on behalf of DuPont Pharmaceuticals Company,1,6600,,,,,,,,https://ofac.treasury.gov/media/12706/download?inline
08/06/2004,2004,Central Carolina Bank,1,3750,,,,,,,,https://ofac.treasury.gov/media/12706/download?inline
08/06/2004,2004,Citibank,1,5500,,,,,,,,https://ofac.treasury.gov/media/12706/download?inline
08/06/2004,2004,Citibank on behalf of California Federal Bank,1,5500,,,,,,,,https://ofac.treasury.gov/media/12706/download?inline
08/06/2004,2004,Comerica Bank on behalf of Imperial Bank,1,29000,,,,,,,,https://ofac.treasury.gov/media/12706/download?inline
08/06/2004,2004,"ConocoPhillips on behalf of Conoco, Inc.",1,16500,,,,,,,,https://ofac.treasury.gov/media/12706/download?inline
08/06/2004,2004,ConocoPhillips on behalf of Conoco Middle East Ltd.,1,16500,,,,,,,,https://ofac.treasury.gov/media/12706/download?inline
08/06/2004,2004,Galileo International,1,2200,,,,,,,,https://ofac.treasury.gov/media/12706/download?inline
08/06/2004,2004,HSBC Bank USA,1,5500,,,,,,,,https://ofac.treasury.gov/media/12706/download?inline
08/06/2004,2004,Hanmi Bank on behalf of Pacific Union Bank,1,450,,,,,,,,https://ofac.treasury.gov/media/12706/download?inline
08/06/2004,2004,Innostar Inc.,1,10500,,,,,,,,https://ofac.treasury.gov/media/12706/download?inline
08/06/2004,2004,International Commercial Bank of China,1,5988,,,,,,,,https://ofac.treasury.gov/media/12706/download?inline
08/06/2004,2004,JP Morgan Chase Bank,1,9748.31,,,,,,,,https://ofac.treasury.gov/media/12706/download?inline
08/06/2004,2004,JP Morgan Chase Bank,1,18094.4,,,,,,,,https://ofac.treasury.gov/media/12706/download?inline
08/06/2004,2004,LaSalle Bank N.A.,1,3050,,,,,,,,https://ofac.treasury.gov/media/12706/download?inline
08/06/2004,2004,Lee Bank,1,16500,,,,,,,,https://ofac.treasury.gov/media/12706/download?inline
08/06/2004,2004,"Nordea Bank Finland, PLC on behalf of Christiania Bank",1,5900,,,,,,,,https://ofac.treasury.gov/media/12706/download?inline
08/06/2004,2004,Pace University,1,5600,,,,,,,,https://ofac.treasury.gov/media/12706/download?inline
08/06/2004,2004,Parts Now! LLC,1,9000,,,,,,,,https://ofac.treasury.gov/media/12706/download?inline
08/06/2004,2004,Rich Worldwide Travel,1,5600,,,,,,,,https://ofac.treasury.gov/media/12706/download?inline
08/06/2004,2004,"Ryan International Airlines, Inc.",1,33214,,,,,,,,https://ofac.treasury.gov/media/12706/download?inline
08/06/2004,2004,"SeaMates International, Inc.",1,5500,,,,,,,,https://ofac.treasury.gov/media/12706/download?inline
08/06/2004,2004,Silicon Semiconductor,1,5000,,,,,,,,https://ofac.treasury.gov/media/12706/download?inline
08/06/2004,2004,TravelCLICK,1,1548,,,,,,,,https://ofac.treasury.gov/media/12706/download?inline
08/06/2004,2004,"Trip Network, Inc. on behalf of Cheap Tickets, Inc.",1,27500,,,,,,,,https://ofac.treasury.gov/media/12706/download?inline
08/06/2004,2004,Individuals,2,1750,,,,,,,,https://ofac.treasury.gov/media/12706/download?inline
08/06/2004,2004,Individual,1,5050,,,,,,,,https://ofac.treasury.gov/media/12706/download?inline
08/06/2004,2004,Individual,1,1100,,,,,,,,https://ofac.treasury.gov/media/12706/download?inline
08/06/2004,2004,Individual,1,1000,,,,,,,,https://ofac.treasury.gov/media/12706/download?inline
08/06/2004,2004,Individual,1,1176.25,,,,,,,,https://ofac.treasury.gov/media/12706/download?inline
05/07/2004,2004,"ABN AMRO Bank, Inc.",1,25847.77,,,,,,,,https://ofac.treasury.gov/media/12701/download?inline
05/07/2004,2004,American Express Bank Ltd.,1,5041.5,,,,,,,,https://ofac.treasury.gov/media/12701/download?inline
05/07/2004,2004,BASF Corp.,1,60500,,,,,,,,https://ofac.treasury.gov/media/12701/download?inline
05/07/2004,2004,Board of Foreign Missions,1,1194,,,,,,,,https://ofac.treasury.gov/media/12701/download?inline
05/07/2004,2004,"Carlson Marketing Group, Inc.",1,35350,,,,,,,,https://ofac.treasury.gov/media/12701/download?inline
05/07/2004,2004,Central Carolina Bank,1,8465.81,,,,,,,,https://ofac.treasury.gov/media/12701/download?inline
05/07/2004,2004,Comerica Bank,1,850,,,,,,,,https://ofac.treasury.gov/media/12701/download?inline
05/07/2004,2004,"Conlin Travel, Inc.",1,875,,,,,,,,https://ofac.treasury.gov/media/12701/download?inline
05/07/2004,2004,Corporate One Federal Credit Union,1,5500,,,,,,,,https://ofac.treasury.gov/media/12701/download?inline
05/07/2004,2004,HSBC Bank USA,1,8375,,,,,,,,https://ofac.treasury.gov/media/12701/download?inline
05/07/2004,2004,"International Specialists, Inc.",1,1972.25,,,,,,,,https://ofac.treasury.gov/media/12701/download?inline
05/07/2004,2004,Montgomery Watson Harza Engineering Co.,1,16627.5,,,,,,,,https://ofac.treasury.gov/media/12701/download?inline
05/07/2004,2004,Piper Business S.A.,1,730.05,,,,,,,,https://ofac.treasury.gov/media/12701/download?inline
05/07/2004,2004,"Roper Scientific, Inc.",1,3240,,,,,,,,https://ofac.treasury.gov/media/12701/download?inline
05/07/2004,2004,Stanford Research Systems,1,5500,,,,,,,,https://ofac.treasury.gov/media/12701/download?inline
05/07/2004,2004,"Tri-Tech Internet Services, Inc.",1,339.18,,,,,,,,https://ofac.treasury.gov/media/12701/download?inline
05/07/2004,2004,World Monuments Fund,1,4187,,,,,,,,https://ofac.treasury.gov/media/12701/download?inline
05/07/2004,2004,Xerox (UK) Limited,1,5207,,,,,,,,https://ofac.treasury.gov/media/12701/download?inline
05/07/2004,2004,Individuals,17,29700,,,,,,,,https://ofac.treasury.gov/media/12701/download?inline
05/07/2004,2004,Individuals,6,13973.13,,,,,,,,https://ofac.treasury.gov/media/12701/download?inline
05/07/2004,2004,Individuals,3,1036,,,,,,,,https://ofac.treasury.gov/media/12701/download?inline
05/07/2004,2004,Individual,1,2500.25,,,,,,,,https://ofac.treasury.gov/media/12701/download?inline
04/01/2005,2005,Bank-Fund Staff Federal Credit Union,1,14000,,,,,,,,https://ofac.treasury.gov/media/13066/download?inline
04/01/2005,2005,E. & J. Gallo Winery,1,3750,,,,,,,,https://ofac.treasury.gov/media/13066/download?inline
04/01/2005,2005,"Endocardial Solutions, Inc.",1,6000,,,,,,,,https://ofac.treasury.gov/media/13066/download?inline
04/01/2005,2005,Genesis Forwarding Services,1,2500,,,,,,,,https://ofac.treasury.gov/media/13066/download?inline
04/01/2005,2005,"Sea Bridge Projects, Inc.",1,6050,,,,,,,,https://ofac.treasury.gov/media/13066/download?inline
04/01/2005,2005,"Skandinaviska Enskilda Banken, New York",1,4500,,,,,,,,https://ofac.treasury.gov/media/13066/download?inline
04/01/2005,2005,SunTrust Bank,1,40423,,,,,,,,https://ofac.treasury.gov/media/13066/download?inline
04/01/2005,2005,U.S. Bank,1,2586.44,,,,,,,,https://ofac.treasury.gov/media/13066/download?inline
04/01/2005,2005,West L.A. Music,1,1537.5,,,,,,,,https://ofac.treasury.gov/media/13066/download?inline
04/01/2005,2005,Individuals,62,61750,,,,,,,,https://ofac.treasury.gov/media/13066/download?inline
04/01/2005,2005,Individuals,7,8638,,,,,,,,https://ofac.treasury.gov/media/13066/download?inline
04/01/2005,2005,Individuals,2,14272,,,,,,,,https://ofac.treasury.gov/media/13066/download?inline
07/01/2005,2005,"Audiovox, Inc.",1,5038.8,,,,,,,,https://ofac.treasury.gov/media/13081/download?inline
07/1/2005,2005,Citizens Security Bank & Trust,1,17831,,,,,,,,https://ofac.treasury.gov/media/13081/download?inline
07/1/2005,2005,Elcom,1,3087.55,,,,,,,,https://ofac.treasury.gov/media/13081/download?inline
07/1/2005,2005,Fenner Fluid Power,1,3500,,,,,,,,https://ofac.treasury.gov/media/13081/download?inline
07/1/2005,2005,"J. D'Addario & Company, Inc.",1,5385,,,,,,,,https://ofac.treasury.gov/media/13081/download?inline
07/1/2005,2005,"NYMagic, Inc. on behalf of Mutual Marine Office, Inc.",1,42196.75,,,,,,,,https://ofac.treasury.gov/media/13081/download?inline
07/1/2005,2005,"NYMagic, Inc. on behalf of Mutual Marine Office, Inc.",1,4303.25,,,,,,,,https://ofac.treasury.gov/media/13081/download?inline
07/1/2005,2005,"U-Freight America, Inc.",1,2000,,,,,,,,https://ofac.treasury.gov/media/13081/download?inline
07/1/2005,2005,Individuals,35,37531,,,,,,,,https://ofac.treasury.gov/media/13081/download?inline
07/1/2005,2005,Individuals,7,8537,,,,,,,,https://ofac.treasury.gov/media/13081/download?inline
09/02/2005,2005,International Bicycle Fund,1,750,,,,,,,,https://ofac.treasury.gov/media/13091/download?inline
09/02/2005,2005,Individuals,6,6000,,,,,,,,https://ofac.treasury.gov/media/13091/download?inline
09/02/2005,2005,Individuals,5,5500,,,,,,,,https://ofac.treasury.gov/media/13091/download?inline
06/03/2005,2005,"Fidelity Brokerage Services, Inc. dba Fidelity Investments",1,63853,,,,,,,,https://ofac.treasury.gov/media/13076/download?inline
06/03/2005,2005,Pioneer Valley Travel,1,750,,,,,,,,https://ofac.treasury.gov/media/13076/download?inline
06/03/2005,2005,"WTS Agencies, Inc. (formerly Inchcape Shipping Services)",1,3000,,,,,,,,https://ofac.treasury.gov/media/13076/download?inline
06/03/2005,2005,"Zooma Enterprises, Inc.",1,2500,,,,,,,,https://ofac.treasury.gov/media/13076/download?inline
06/03/2005,2005,Individuals,33,31963.12,,,,,,,,https://ofac.treasury.gov/media/13076/download?inline
06/03/2005,2005,Individuals,15,24942.38,,,,,,,,https://ofac.treasury.gov/media/13076/download?inline
02/04/2005,2005,A.B. Company of Wisconsin,1,1094.1,,,,,,,,https://ofac.treasury.gov/media/13056/download?inline
02/04/2005,2005,Atlantic Bank,1,5500,,,,,,,,https://ofac.treasury.gov/media/13056/download?inline
02/04/2005,2005,Bank of America,1,2760,,,,,,,,https://ofac.treasury.gov/media/13056/download?inline
02/04/2005,2005,Bank of China,1,11000,,,,,,,,https://ofac.treasury.gov/media/13056/download?inline
02/04/2005,2005,Bax Global Inc.,1,22815,,,,,,,,https://ofac.treasury.gov/media/13056/download?inline
02/04/2005,2005,GHS Corporation,1,274,,,,,,,,https://ofac.treasury.gov/media/13056/download?inline
02/04/2005,2005,SunTrust Bank,1,30800,,,,,,,,https://ofac.treasury.gov/media/13056/download?inline
02/04/2005,2005,Terex Corporation,1,7000,,,,,,,,https://ofac.treasury.gov/media/13056/download?inline
02/04/2005,2005,The Bank of New York,1,5844.87,,,,,,,,https://ofac.treasury.gov/media/13056/download?inline
02/04/2005,2005,United National Bank,1,11000,,,,,,,,https://ofac.treasury.gov/media/13056/download?inline
02/04/2005,2005,Wachovia Bank,1,5500,,,,,,,,https://ofac.treasury.gov/media/13056/download?inline
02/04/2005,2005,WorldTrans Services Inc.,1,677.46,,,,,,,,https://ofac.treasury.gov/media/13056/download?inline
02/04/2005,2005,Individuals,62,67813,,,,,,,,https://ofac.treasury.gov/media/13056/download?inline
02/04/2005,2005,Individuals,9,17119,,,,,,,,https://ofac.treasury.gov/media/13056/download?inline
02/04/2005,2005,Individual,1,575,,,,,,,,https://ofac.treasury.gov/media/13056/download?inline
03/04/2005,2005,Bank of New York,1,4650,,,,,,,,https://ofac.treasury.gov/media/13061/download?inline
03/04/2005,2005,Det Norske Veritas Certification Inc. (DNVCI),1,750,,,,,,,,https://ofac.treasury.gov/media/13061/download?inline
03/04/2005,2005,"Kuehne & Nagel, Inc.",1,18957.05,,,,,,,,https://ofac.treasury.gov/media/13061/download?inline
03/04/2005,2005,Lufthansa Cargo AG,1,31787.14,,,,,,,,https://ofac.treasury.gov/media/13061/download?inline
03/04/2005,2005,Individuals,112,112000,,,,,,,,https://ofac.treasury.gov/media/13061/download?inline
03/04/2005,2005,Individual,1,1937.5,,,,,,,,https://ofac.treasury.gov/media/13061/download?inline
08/05/2005,2005,"DHL Express (USA), Inc.",1,25000,,,,,,,,https://ofac.treasury.gov/media/13086/download?inline
08/05/2005,2005,Individuals,32,34400,,,,,,,,https://ofac.treasury.gov/media/13086/download?inline
08/05/2005,2005,Individuals,37,40600,,,,,,,,https://ofac.treasury.gov/media/13086/download?inline
05/06/2005,2005,Bayer HealthCare LLC,1,1800,,,,,,,,https://ofac.treasury.gov/media/13071/download?inline
05/06/2005,2005,"Fugro Seafloor Surveys, Inc.",1,38035,,,,,,,,https://ofac.treasury.gov/media/13071/download?inline
05/06/2005,2005,"International Systems Management, Inc.",1,15227.5,,,,,,,,https://ofac.treasury.gov/media/13071/download?inline
05/06/2005,2005,Martinair Holland N.V. dba Martinair USA,1,6300,,,,,,,,https://ofac.treasury.gov/media/13071/download?inline
05/06/2005,2005,Nozzle Manufacturing Company,1,10000,,,,,,,,https://ofac.treasury.gov/media/13071/download?inline
05/06/2005,2005,"Panalpina, Inc.",1,811.75,,,,,,,,https://ofac.treasury.gov/media/13071/download?inline
05/06/2005,2005,"Panalpina, Inc.",1,2750,,,,,,,,https://ofac.treasury.gov/media/13071/download?inline
05/06/2005,2005,Perot Systems Corporation,1,425.76,,,,,,,,https://ofac.treasury.gov/media/13071/download?inline
05/06/2005,2005,Perot Systems Corporation,1,21776.94,,,,,,,,https://ofac.treasury.gov/media/13071/download?inline
05/06/2005,2005,"Purist Audio Design, Inc.",1,1203.61,,,,,,,,https://ofac.treasury.gov/media/13071/download?inline
05/06/2005,2005,"Schenker International, Inc.",1,2500,,,,,,,,https://ofac.treasury.gov/media/13071/download?inline
05/06/2005,2005,"The Four Oaks Foundation, Inc.",1,7500,,,,,,,,https://ofac.treasury.gov/media/13071/download?inline
05/06/2005,2005,Individual,1,1904.5,,,,,,,,https://ofac.treasury.gov/media/13071/download?inline
05/06/2005,2005,Individual,1,520,,,,,,,,https://ofac.treasury.gov/media/13071/download?inline
05/06/2005,2005,Individuals,42,42000,,,,,,,,https://ofac.treasury.gov/media/13071/download?inline
05/06/2005,2005,Individuals,10,13513,,,,,,,,https://ofac.treasury.gov/media/13071/download?inline
05/06/2005,2005,Individual,1,1172,,,,,,,,https://ofac.treasury.gov/media/13071/download?inline
01/07/2005,2005,Danzas AEI Intercontinental,1,1085,,,,,,,,https://ofac.treasury.gov/media/13051/download?inline
01/07/2005,2005,"GE Ultrasound & Primary Care Diagnostics, LLC on behalf of Lunar Corporation",1,51700,,,,,,,,https://ofac.treasury.gov/media/13051/download?inline
01/07/2005,2005,"Impaxx Machines Systems, Inc. on behalf of Trine Labeling Systems Inc.",1,16498.61,,,,,,,,https://ofac.treasury.gov/media/13051/download?inline
01/07/2005,2005,Interland - Dialtone Inc.,1,865,,,,,,,,https://ofac.treasury.gov/media/13051/download?inline
01/07/2005,2005,PNC Bank,1,8200,,,,,,,,https://ofac.treasury.gov/media/13051/download?inline
01/07/2005,2005,Persepolis.com,1,4026,,,,,,,,https://ofac.treasury.gov/media/13051/download?inline
01/07/2005,2005,Rieke Corporation on behalf of Rieke Italia,1,5692.5,,,,,,,,https://ofac.treasury.gov/media/13051/download?inline
01/07/2005,2005,"SK Global America, Inc.",1,22000,,,,,,,,https://ofac.treasury.gov/media/13051/download?inline
01/07/2005,2005,Seabury & Smith Inc.,1,46341,,,,,,,,https://ofac.treasury.gov/media/13051/download?inline
01/07/2005,2005,Union Bank of California,1,5500,,,,,,,,https://ofac.treasury.gov/media/13051/download?inline
01/07/2005,2005,Wells Fargo Bank,1,42833,,,,,,,,https://ofac.treasury.gov/media/13051/download?inline
01/07/2005,2005,Individuals,87,87150,,,,,,,,https://ofac.treasury.gov/media/13051/download?inline
01/07/2005,2005,Individuals,8,7225,,,,,,,,https://ofac.treasury.gov/media/13051/download?inline
01/07/2005,2005,Individual,1,10000,,,,,,,,https://ofac.treasury.gov/media/13051/download?inline
10/12/2005,2005,Archer Daniels Midland Company,1,13750,,,,,,,,https://ofac.treasury.gov/media/13121/download?inline
10/12/2005,2005,"Imbsen & Associates, Inc.",1,2400,,,,,,,,https://ofac.treasury.gov/media/13121/download?inline
10/12/2005,2005,IndeCorp Corporation,1,14520,,,,,,,,https://ofac.treasury.gov/media/13121/download?inline
10/12/2005,2005,Stolt-Nielsen Transportation Group,1,16500,,,,,,,,https://ofac.treasury.gov/media/13121/download?inline
10/12/2005,2005,Four Individuals,1,4875,,,,,,,,https://ofac.treasury.gov/media/13121/download?inline
10/12/2005,2005,Two Individuals,1,4000,,,,,,,,https://ofac.treasury.gov/media/13121/download?inline
12/01/2006,2006,IXTLAN Corporation and Four Individuals,1,6322.2,,,,,,,,https://ofac.treasury.gov/media/13236/download?inline
12/01/2006,2006,"DataMirror Mobile Solutions, Inc.",1,4008.75,,,,,,,,https://ofac.treasury.gov/media/13236/download?inline
12/01/2006,2006,"Super Micro Computers, Inc.",1,179327.16,,,,,,,,https://ofac.treasury.gov/media/13236/download?inline
12/01/2006,2006,An Individual,1,1222,,,,,,,,https://ofac.treasury.gov/media/13236/download?inline
12/01/2006,2006,Two Individuals,1,2000,,,,,,,,https://ofac.treasury.gov/media/13236/download?inline
01/03/2006,2006,"ABN AMRO Bank, N.V.",1,40000000,,,,,,,,https://ofac.treasury.gov/media/13196/download?inline
01/03/2006,2006,"Madison Exim, Inc.",1,2400,,,,,,,,https://ofac.treasury.gov/media/13196/download?inline
01/03/2006,2006,Two Individuals,1,2000,,,,,,,,https://ofac.treasury.gov/media/13196/download?inline
02/03/2006,2006,The Coca-Cola Company,1,136500,,,,,,,,https://ofac.treasury.gov/media/13201/download?inline
02/03/2006,2006,The Chinese American Bank,1,7370,,,,,,,,https://ofac.treasury.gov/media/13201/download?inline
02/03/2006,2006,"Demars International, Inc.",1,2357.95,,,,,,,,https://ofac.treasury.gov/media/13201/download?inline
02/03/2006,2006,Two Individuals,1,2000,,,,,,,,https://ofac.treasury.gov/media/13201/download?inline
02/03/2006,2006,An Individual,1,1000,,,,,,,,https://ofac.treasury.gov/media/13201/download?inline
09/06/2006,2006,"Aero Systems Engineering, Inc.",1,1000,,,,,,,,https://ofac.treasury.gov/media/13221/download?inline
09/06/2006,2006,"Dresser-Rand Group, Inc.",1,171305.87,,,,,,,,https://ofac.treasury.gov/media/13221/download?inline
09/06/2006,2006,The Lubrizol Corporation,1,5500,,,,,,,,https://ofac.treasury.gov/media/13221/download?inline
09/06/2006,2006,DHL Danzas Air and Ocean,1,2750,,,,,,,,https://ofac.treasury.gov/media/13221/download?inline
10/06/2006,2006,"Koch Foods, L.L.C.",1,43947.5,,,,,,,,https://ofac.treasury.gov/media/13226/download?inline
11/06/2006,2006,"Osment Models, Inc. d/b/a Woodland Scenics",1,500,,,,,,,,https://ofac.treasury.gov/media/13231/download?inline
11/06/2006,2006,An Individual,1,967,,,,,,,,https://ofac.treasury.gov/media/13231/download?inline
06/07/2006,2006,Augsburg College,1,9000,,,,,,,,https://ofac.treasury.gov/media/13206/download?inline
06/07/2006,2006,Chevy Chase Bank,1,3352.86,,,,,,,,https://ofac.treasury.gov/media/13206/download?inline
06/07/2006,2006,Downey Savings and Loan,1,44898.65,,,,,,,,https://ofac.treasury.gov/media/13206/download?inline
06/07/2006,2006,"Exel Global Logistics, Inc.",1,6226.5,,,,,,,,https://ofac.treasury.gov/media/13206/download?inline
06/07/2006,2006,An Individual,1,3750,,,,,,,,https://ofac.treasury.gov/media/13206/download?inline
07/07/2006,2006,GasTech Engineering Corp.,1,33000,,,,,,,,https://ofac.treasury.gov/media/13211/download?inline
07/07/2006,2006,"Jarden Zinc Products, Inc.",1,2750,,,,,,,,https://ofac.treasury.gov/media/13211/download?inline
07/07/2006,2006,Seven Individuals,1,18940,,,,,,,,https://ofac.treasury.gov/media/13211/download?inline
08/11/2006,2006,The U.S./Cuba Labor Exchange,1,13950,,,,,,,,https://ofac.treasury.gov/media/13216/download?inline
06/01/2007,2007,"ACME Furniture Industry, Inc.",1,31336,,,,,,,,https://ofac.treasury.gov/media/13016/download?inline
06/01/2007,2007,"EPMedsystems, Inc.",1,33000,,,,,,,,https://ofac.treasury.gov/media/13016/download?inline
06/01/2007,2007,Hecny Transportation (USA) Inc. d/b/a Hecny Shipping,1,2800,,,,,,,,https://ofac.treasury.gov/media/13016/download?inline
06/01/2007,2007,An Individual,1,2304,,,,,,,,https://ofac.treasury.gov/media/13016/download?inline
06/01/2007,2007,An Individual,1,1311,,,,,,,,https://ofac.treasury.gov/media/13016/download?inline
06/01/2007,2007,An Individual,1,856,,,,,,,,https://ofac.treasury.gov/media/13016/download?inline
11/02/2007,2007,"SKE Midwestern, Inc.",1,20000,,,,,,,,https://ofac.treasury.gov/media/13036/download?inline
11/02/2007,2007,Wachovia Bank,1,11000,,,,,,,,https://ofac.treasury.gov/media/13036/download?inline
11/02/2007,2007,"RITA Medical Systems, LLC",1,2750,,,,,,,,https://ofac.treasury.gov/media/13036/download?inline
08/03/2007,2007,Travelocity.com,1,182750,,,,,,,,https://ofac.treasury.gov/media/13026/download?inline
08/03/2007,2007,"American Express Travel Related Services Co., Inc.",1,16625,,,,,,,,https://ofac.treasury.gov/media/13026/download?inline
08/03/2007,2007,"Erfan Enterprises, Inc.",1,932.45,,,,,,,,https://ofac.treasury.gov/media/13026/download?inline
08/03/2007,2007,An Individual,1,999.45,,,,,,,,https://ofac.treasury.gov/media/13026/download?inline
08/03/2007,2007,An Individual,1,510,,,,,,,,https://ofac.treasury.gov/media/13026/download?inline
04/04/2007,2007,"A.N. Deringer, Inc.",1,700,,,,,,,,https://ofac.treasury.gov/media/13006/download?inline
04/04/2007,2007,"Datex-Ohmeda, Inc. and Spacelabs Medical Inc.",1,66547.31,,,,,,,,https://ofac.treasury.gov/media/13006/download?inline
04/04/2007,2007,Kinecta Federal Credit Union,1,3102,,,,,,,,https://ofac.treasury.gov/media/13006/download?inline
04/04/2007,2007,An Individual,1,820,,,,,,,,https://ofac.treasury.gov/media/13006/download?inline
04/04/2007,2007,An Individual,1,1071.9,,,,,,,,https://ofac.treasury.gov/media/13006/download?inline
05/04/2007,2007,PSL Energy Services,1,164006.5,,,,,,,,https://ofac.treasury.gov/media/13011/download?inline
05/04/2007,2007,Polek & Polek,1,3350,,,,,,,,https://ofac.treasury.gov/media/13011/download?inline
05/04/2007,2007,"Fleet National Bank on behalf of Suretrade, Inc.",1,7277,,,,,,,,https://ofac.treasury.gov/media/13011/download?inline
05/04/2007,2007,"ACRA-CUT, Inc.",1,808,,,,,,,,https://ofac.treasury.gov/media/13011/download?inline
05/04/2007,2007,Turkish Airlines,1,2226.24,,,,,,,,https://ofac.treasury.gov/media/13011/download?inline
05/04/2007,2007,An Individual,1,485,,,,,,,,https://ofac.treasury.gov/media/13011/download?inline
05/04/2007,2007,An Individual,1,6088.85,,,,,,,,https://ofac.treasury.gov/media/13011/download?inline
05/04/2007,2007,An Individual,1,1261,,,,,,,,https://ofac.treasury.gov/media/13011/download?inline
10/05/2007,2007,Zeromax LCC,1,481983,,,,,,,,https://ofac.treasury.gov/media/13041/download?inline
10/05/2007,2007,Fairfield Chemical Carriers Inc.,1,37500,,,,,,,,https://ofac.treasury.gov/media/13041/download?inline
10/05/2007,2007,An Individual,1,765.75,,,,,,,,https://ofac.treasury.gov/media/13041/download?inline
07/06/2007,2007,LogicaCMG Inc.,1,220000,,,,,,,,https://ofac.treasury.gov/media/13021/download?inline
07/06/2007,2007,"Gibson Overseas, Inc.",1,1357,,,,,,,,https://ofac.treasury.gov/media/13021/download?inline
07/06/2007,2007,American Bankers Life Assurance Company of Florida,1,1271.5,,,,,,,,https://ofac.treasury.gov/media/13021/download?inline
07/06/2007,2007,Stoller Fisheries,1,931.25,,,,,,,,https://ofac.treasury.gov/media/13021/download?inline
07/06/2007,2007,An Individual,1,10000,,,,,,,,https://ofac.treasury.gov/media/13021/download?inline
07/06/2007,2007,An Individual,1,2892.75,,,,,,,,https://ofac.treasury.gov/media/13021/download?inline
07/06/2007,2007,An Individual,1,200,,,,,,,,https://ofac.treasury.gov/media/13021/download?inline
09/07/2007,2007,National Australia Bank Ltd.,1,100000,,,,,,,,https://ofac.treasury.gov/media/13031/download?inline
09/07/2007,2007,Lakes Community Credit Union,1,1484,,,,,,,,https://ofac.treasury.gov/media/13031/download?inline
09/07/2007,2007,GE Security,1,1900,,,,,,,,https://ofac.treasury.gov/media/13031/download?inline
09/07/2007,2007,"Primavera Systems, Inc.",1,13430,,,,,,,,https://ofac.treasury.gov/media/13031/download?inline
09/07/2007,2007,"Parkdale Mills, Inc.",1,8250,,,,,,,,https://ofac.treasury.gov/media/13031/download?inline
09/07/2007,2007,An Individual,1,770.25,,,,,,,,https://ofac.treasury.gov/media/13031/download?inline
12/07/2007,2007,Chevron Corporation,1,2000000,,,,,,,,https://ofac.treasury.gov/media/13046/download?inline
12/07/2007,2007,MIC & Associates,1,2750,,,,,,,,https://ofac.treasury.gov/media/13046/download?inline
03/09/2007,2007,Guidant Corporation,1,277017,,,,,,,,https://ofac.treasury.gov/media/13001/download?inline
03/09/2007,2007,"Varian, Inc.",1,114958,,,,,,,,https://ofac.treasury.gov/media/13001/download?inline
03/09/2007,2007,"Coda International Tours, Inc.",1,3500,,,,,,,,https://ofac.treasury.gov/media/13001/download?inline
02/13/2007,2007,Vesper Corp.,1,23800,,,,,,,,https://ofac.treasury.gov/media/12996/download?inline
02/13/2007,2007,"Tyco Valves & Controls Middle East, Inc.",1,450905.5,,,,,,,,https://ofac.treasury.gov/media/12996/download?inline
02/13/2007,2007,"Encore Medical, L.P., successor by merger to Chattanooga Group, Inc.",1,3241.2,,,,,,,,https://ofac.treasury.gov/media/12996/download?inline
02/13/2007,2007,"EMD Chemicals, Inc.",1,8250,,,,,,,,https://ofac.treasury.gov/media/12996/download?inline
02/13/2007,2007,An Individual,1,765,,,,,,,,https://ofac.treasury.gov/media/12996/download?inline
02/13/2007,2007,An Individual,1,10250,,,,,,,,https://ofac.treasury.gov/media/12996/download?inline
01/17/2007,2007,"Organization Resources Counselors, Inc.",1,746.35,,,,,,,,https://ofac.treasury.gov/media/12931/download?inline
01/17/2007,2007,An Individual,1,850,,,,,,,,https://ofac.treasury.gov/media/12931/download?inline
11/03/2008,2008,"Myers Industries, Inc.",1,16250,,,,,,,,https://ofac.treasury.gov/media/12976/download?inline
11/03/2008,2008,"Center for Cross Cultural Study, Inc.",1,15000,,,,,,,,https://ofac.treasury.gov/media/12976/download?inline
11/03/2008,2008,"Priceline.com, Incorporated",1,12250,,,,,,,,https://ofac.treasury.gov/media/12976/download?inline
11/03/2008,2008,An Individual,1,3165.14,,,,,,,,https://ofac.treasury.gov/media/12976/download?inline
11/03/2008,2008,An Individual,1,422.43,,,,,,,,https://ofac.treasury.gov/media/12976/download?inline
01/11/2008,2008,Zimmer Dental Inc.,1,82850,,,,,,,,https://ofac.treasury.gov/media/30031/download?inline
01/11/2008,2008,BB&T,1,10000,,,,,,,,https://ofac.treasury.gov/media/30031/download?inline
01/11/2008,2008,"Colonial Navigation Co., Inc.",1,6000,,,,,,,,https://ofac.treasury.gov/media/30031/download?inline
01/11/2008,2008,"Medcraft Industries, Inc.",1,3000,,,,,,,,https://ofac.treasury.gov/media/30031/download?inline
01/11/2008,2008,"Millipore Corporation, Inc.",1,1000,,,,,,,,https://ofac.treasury.gov/media/30031/download?inline
01/11/2008,2008,Voipescrow Inc.,1,750,,,,,,,,https://ofac.treasury.gov/media/30031/download?inline
01/11/2008,2008,Diversified Business Communications,1,5500,,,,,,,,https://ofac.treasury.gov/media/30031/download?inline
04/11/2008,2008,Mahdavi’s A&A Rug Company,1,9240,,,,,,,,https://ofac.treasury.gov/media/12946/download?inline
04/11/2008,2008,Morgan Stanley,1,3162,,,,,,,,https://ofac.treasury.gov/media/12946/download?inline
04/11/2008,2008,"United Advantage Northwest Federal Credit Union, successor to Advantage Northwest Federal Credit Union",1,2970,,,,,,,,https://ofac.treasury.gov/media/12946/download?inline
04/11/2008,2008,"Good Hope International, Inc.",1,900,,,,,,,,https://ofac.treasury.gov/media/12946/download?inline
04/11/2008,2008,An Individual,1,2750,,,,,,,,https://ofac.treasury.gov/media/12946/download?inline
04/11/2008,2008,An Individual,1,1087,,,,,,,,https://ofac.treasury.gov/media/12946/download?inline
04/11/2008,2008,An Individual,1,411.04,,,,,,,,https://ofac.treasury.gov/media/12946/download?inline
04/11/2008,2008,An Individual,1,400,,,,,,,,https://ofac.treasury.gov/media/12946/download?inline
03/14/2008,2008,"Bank of America, N.A., which acquired Fleet National Bank",1,1337.5,,,,,,,,https://ofac.treasury.gov/media/12941/download?inline
03/14/2008,2008,"Citigroup, N.A.",1,16250,,,,,,,,https://ofac.treasury.gov/media/12941/download?inline
03/14/2008,2008,"America Servi Express, Inc.",1,2465,,,,,,,,https://ofac.treasury.gov/media/12941/download?inline
03/14/2008,2008,An Individual,1,6000,,,,,,,,https://ofac.treasury.gov/media/12941/download?inline
03/14/2008,2008,An Individual,1,1063,,,,,,,,https://ofac.treasury.gov/media/12941/download?inline
03/14/2008,2008,An Individual,1,282.5,,,,,,,,https://ofac.treasury.gov/media/12941/download?inline
06/20/2008,2008,"Spirit Airlines, Inc.",1,100000,,,,,,,,https://ofac.treasury.gov/media/12956/download?inline
06/20/2008,2008,"United Radio, Inc. d/b/a BlueStar",1,67574,,,,,,,,https://ofac.treasury.gov/media/12956/download?inline
06/20/2008,2008,"FRP Services & Co. (America), Inc.",1,12500,,,,,,,,https://ofac.treasury.gov/media/12956/download?inline
06/20/2008,2008,"Confi-Dental Products, Co.",1,5500,,,,,,,,https://ofac.treasury.gov/media/12956/download?inline
06/20/2008,2008,"Sonida International, Inc.",1,2040,,,,,,,,https://ofac.treasury.gov/media/12956/download?inline
06/20/2008,2008,Data Systems Company,1,1328.01,,,,,,,,https://ofac.treasury.gov/media/12956/download?inline
06/20/2008,2008,Z.A.S. International,1,1320,,,,,,,,https://ofac.treasury.gov/media/12956/download?inline
06/20/2008,2008,An Individual,1,1000,,,,,,,,https://ofac.treasury.gov/media/12956/download?inline
06/20/2008,2008,An Individual,1,500,,,,,,,,https://ofac.treasury.gov/media/12956/download?inline
06/20/2008,2008,An Individual,1,390,,,,,,,,https://ofac.treasury.gov/media/12956/download?inline
06/20/2008,2008,An Individual,1,809.82,,,,,,,,https://ofac.treasury.gov/media/12956/download?inline
02/22/2008,2008,"La Salle Bank Midwest, N.A. on the behalf of Standard Federal Bank",1,5500,,,,,,,,https://ofac.treasury.gov/media/12936/download?inline
02/22/2008,2008,BankAtlantic,1,7500,,,,,,,,https://ofac.treasury.gov/media/12936/download?inline
02/22/2008,2008,Key Bank National Association,1,200000,,,,,,,,https://ofac.treasury.gov/media/12936/download?inline
02/22/2008,2008,Buehler Ltd.,1,20000,,,,,,,,https://ofac.treasury.gov/media/12936/download?inline
02/22/2008,2008,"RMO, Inc.",1,941,,,,,,,,https://ofac.treasury.gov/media/12936/download?inline
02/22/2008,2008,An Individual,1,2127.45,,,,,,,,https://ofac.treasury.gov/media/12936/download?inline
02/22/2008,2008,An Individual,1,1000,,,,,,,,https://ofac.treasury.gov/media/12936/download?inline
02/22/2008,2008,An Individual,1,456.95,,,,,,,,https://ofac.treasury.gov/media/12936/download?inline
02/22/2008,2008,An Individual,1,5213.42,,,,,,,,https://ofac.treasury.gov/media/12936/download?inline
02/22/2008,2008,An Individual,1,358.15,,,,,,,,https://ofac.treasury.gov/media/12936/download?inline
02/22/2008,2008,An Individual,1,1082.9,,,,,,,,https://ofac.treasury.gov/media/12936/download?inline
11/25/2008,2008,Iridex Corporation,1,7500,,,,,,,,https://ofac.treasury.gov/media/12981/download?inline
11/25/2008,2008,"Cotech, Inc.",1,6000,,,,,,,,https://ofac.treasury.gov/media/12981/download?inline
11/25/2008,2008,"Magic USA Tours, Inc.",1,5250,,,,,,,,https://ofac.treasury.gov/media/12981/download?inline
11/25/2008,2008,"International Golden Foods, Inc.",1,3150,,,,,,,,https://ofac.treasury.gov/media/12981/download?inline
11/25/2008,2008,An Individual,1,906.31,,,,,,,,https://ofac.treasury.gov/media/12981/download?inline
08/28/2008,2008,"Environmental Systems Research Institute, Inc.",1,4120.29,,,,,,,,https://ofac.treasury.gov/media/12966/download?inline
08/28/2008,2008,8e6 Technologies,1,3300,,,,,,,,https://ofac.treasury.gov/media/12966/download?inline
08/28/2008,2008,Wire Pro Incorporated,1,2932.5,,,,,,,,https://ofac.treasury.gov/media/12966/download?inline
08/28/2008,2008,"HM Digital, Inc.",1,2662,,,,,,,,https://ofac.treasury.gov/media/12966/download?inline
08/28/2008,2008,"Aerovacations, Inc.",1,1761,,,,,,,,https://ofac.treasury.gov/media/12966/download?inline
08/28/2008,2008,WSR Corporation,1,1024.8,,,,,,,,https://ofac.treasury.gov/media/12966/download?inline
08/28/2008,2008,Pala International Inc.,1,845.85,,,,,,,,https://ofac.treasury.gov/media/12966/download?inline
08/28/2008,2008,An Individual,1,550,,,,,,,,https://ofac.treasury.gov/media/12966/download?inline
08/28/2008,2008,An Individual,1,1000,,,,,,,,https://ofac.treasury.gov/media/12966/download?inline
08/28/2008,2008,An Individual,1,952.25,,,,,,,,https://ofac.treasury.gov/media/12966/download?inline
05/29/2008,2008,York International Corporation,1,669507,,,,,,,,https://ofac.treasury.gov/media/12951/download?inline
05/29/2008,2008,Engineering Dynamics Inc.,1,132791.39,,,,,,,,https://ofac.treasury.gov/media/12951/download?inline
05/29/2008,2008,Knight Industries and Associates Inc.,1,17469.63,,,,,,,,https://ofac.treasury.gov/media/12951/download?inline
05/29/2008,2008,Journey Corp. Travel Management,1,1875,,,,,,,,https://ofac.treasury.gov/media/12951/download?inline
05/29/2008,2008,The Newman Group Computer Services Corp.,1,2414.1,,,,,,,,https://ofac.treasury.gov/media/12951/download?inline
05/29/2008,2008,"International Transports Solutions, Inc.",1,2700,,,,,,,,https://ofac.treasury.gov/media/12951/download?inline
05/29/2008,2008,Jor Creek Enterprises,1,1085.63,,,,,,,,https://ofac.treasury.gov/media/12951/download?inline
05/29/2008,2008,An Individual,1,5425.5,,,,,,,,https://ofac.treasury.gov/media/12951/download?inline
05/29/2008,2008,An Individual,1,1014,,,,,,,,https://ofac.treasury.gov/media/12951/download?inline
05/29/2008,2008,An Individual,1,1000,,,,,,,,https://ofac.treasury.gov/media/12951/download?inline
05/29/2008,2008,An Individual,1,830,,,,,,,,https://ofac.treasury.gov/media/12951/download?inline
05/29/2008,2008,An Individual,1,562.5,,,,,,,,https://ofac.treasury.gov/media/12951/download?inline
09/29/2008,2008,"Agoda Company, Pte Ltd.",1,6750,,,,,,,,https://ofac.treasury.gov/media/12971/download?inline
09/29/2008,2008,"Como Design, Inc.",1,5980.03,,,,,,,,https://ofac.treasury.gov/media/12971/download?inline
09/29/2008,2008,"LI-COR, Inc.",1,2315.02,,,,,,,,https://ofac.treasury.gov/media/12971/download?inline
09/29/2008,2008,"Tabletops Unlimited, Inc.",1,1000,,,,,,,,https://ofac.treasury.gov/media/12971/download?inline
09/29/2008,2008,"Ritz Camera Centers, Inc.",1,500,,,,,,,,https://ofac.treasury.gov/media/12971/download?inline
09/29/2008,2008,An Individual,1,6056.5,,,,,,,,https://ofac.treasury.gov/media/12971/download?inline
09/29/2008,2008,An Individual,1,500,,,,,,,,https://ofac.treasury.gov/media/12971/download?inline
07/31/2008,2008,"Minxia Non-Ferrous Metals, Inc.",1,1198000,,,,,,,,https://ofac.treasury.gov/media/12961/download?inline
07/31/2008,2008,"Gate Gourmet, Inc.",1,581901.54,,,,,,,,https://ofac.treasury.gov/media/12961/download?inline
07/31/2008,2008,A.G. Edwards and Sons. Inc.,1,122358.35,,,,,,,,https://ofac.treasury.gov/media/12961/download?inline
07/31/2008,2008,Concord Camera Corp.,1,12000,,,,,,,,https://ofac.treasury.gov/media/12961/download?inline
07/31/2008,2008,Aetna Life Insurance Company,1,5210.31,,,,,,,,https://ofac.treasury.gov/media/12961/download?inline
07/31/2008,2008,Allied International Corporation,1,4455.37,,,,,,,,https://ofac.treasury.gov/media/12961/download?inline
07/31/2008,2008,Tours International America,1,2500,,,,,,,,https://ofac.treasury.gov/media/12961/download?inline
07/31/2008,2008,"Logysis, Inc.",1,2750,,,,,,,,https://ofac.treasury.gov/media/12961/download?inline
07/31/2008,2008,Geico Corporation,1,1085.63,,,,,,,,https://ofac.treasury.gov/media/12961/download?inline
07/31/2008,2008,An Individual,1,4351.5,,,,,,,,https://ofac.treasury.gov/media/12961/download?inline
07/31/2008,2008,An Individual,1,3250,,,,,,,,https://ofac.treasury.gov/media/12961/download?inline
07/31/2008,2008,An Individual,1,1225,,,,,,,,https://ofac.treasury.gov/media/12961/download?inline
07/31/2008,2008,An Individual,1,1681.55,,,,,,,,https://ofac.treasury.gov/media/12961/download?inline
07/31/2008,2008,An Individual,1,840,,,,,,,,https://ofac.treasury.gov/media/12961/download?inline
07/31/2008,2008,An Individual,1,700,,,,,,,,https://ofac.treasury.gov/media/12961/download?inline
07/31/2008,2008,An Individual,1,650,,,,,,,,https://ofac.treasury.gov/media/12961/download?inline
07/31/2008,2008,An Individual,1,561.54,,,,,,,,https://ofac.treasury.gov/media/12961/download?inline
07/31/2008,2008,An Individual,1,400,,,,,,,,https://ofac.treasury.gov/media/12961/download?inline
07/31/2008,2008,An Individual,1,395.25,,,,,,,,https://ofac.treasury.gov/media/12961/download?inline
12/31/2008,2008,"Fidelity National Information Services, successor to Certegy Card Services",1,12260.86,,,,,,,,https://ofac.treasury.gov/media/12986/download?inline
12/31/2008,2008,Eni Petroleum Co. Inc.,1,6562.79,,,,,,,,https://ofac.treasury.gov/media/12986/download?inline
12/31/2008,2008,Premier Agency Inc.,1,7500,,,,,,,,https://ofac.treasury.gov/media/12986/download?inline
12/31/2008,2008,An Individual,1,7500,,,,,,,,https://ofac.treasury.gov/media/12986/download?inline
10/01/2009,2009,"Barwil Agencies NA, Inc.",1,84000,,,,,,,,https://ofac.treasury.gov/media/12571/download?inline
10/01/2009,2009,"Gold & Silver Reserve, Inc.",1,2950000,,,,,,,,https://ofac.treasury.gov/media/12571/download?inline
08/06/2009,2009,"DPWN Holdings (USA), Inc. and DHL Express (USA), Inc.",1,9444744,,,,,,August 2002 - March 2007,Iran; Syria; Sudan,https://ofac.treasury.gov/media/12561/download?inline
12/16/2009,2009,Credit Suisse AG,1,536000000,,,,,,,Iran; Cuba; Sudan; Libya,https://ofac.treasury.gov/media/12676/download?inline
12/22/2009,2009,"Lloyds TSB Bank, plc",1,217000000,,,,no,,,Iran; Sudan; Libya,https://ofac.treasury.gov/media/12586/download?inline
08/24/2009,2009,"Australia and New Zealand Bank Group, Ltd.",1,5750000,,,,no,,,Cuba; Sudan,https://ofac.treasury.gov/media/12566/download?inline
02/27/2009,2009,"Lactalis USA, Inc.",1,20950.38,,,,,,,,https://ofac.treasury.gov/media/12536/download?inline
03/27/2009,2009,"Casa de Cambio Delgado, Inc.",1,40160.46,,,,,,,,https://ofac.treasury.gov/media/12541/download?inline
03/27/2009,2009,"Golden Escrow, Inc.",1,11000,,,,,,,,https://ofac.treasury.gov/media/12541/download?inline
03/27/2009,2009,An Individual,1,9000,,,,,,,,https://ofac.treasury.gov/media/12541/download?inline
01/29/2009,2009,Stena Bulk LLC,1,426486,,,,,,,,https://ofac.treasury.gov/media/12401/download?inline
01/29/2009,2009,"Vonberg Valve, Inc.",1,11049.5,,,,,,,,https://ofac.treasury.gov/media/12401/download?inline
01/29/2009,2009,An Individual,1,4206,,,,,,,,https://ofac.treasury.gov/media/12401/download?inline
05/29/2009,2009,Liberty International Holdings Inc.,1,35211.75,,,,,,,,https://ofac.treasury.gov/media/12551/download?inline
05/29/2009,2009,"Volvo Construction Equipment North America, Inc.",1,33000,,,,,,,,https://ofac.treasury.gov/media/12551/download?inline
05/29/2009,2009,An Individual,1,1175,,,,,,,,https://ofac.treasury.gov/media/12551/download?inline
04/30/2009,2009,"EFEX Trade, LLC",1,2000,,,,,,,,https://ofac.treasury.gov/media/12546/download?inline
04/30/2009,2009,"Varel Holdings, Inc.",1,110000,,,,,,,,https://ofac.treasury.gov/media/12546/download?inline
06/30/2009,2009,Oxbow Carbon and Minerals LLC,1,276250,,,,,,,,https://ofac.treasury.gov/media/28796/download?inline
06/30/2009,2009,"National Marine Consultants, Inc.",1,42075,,,,,,,,https://ofac.treasury.gov/media/28796/download?inline
06/30/2009,2009,Philips Electronics of North America Corporation,1,128750,,,,,,,,https://ofac.treasury.gov/media/28796/download?inline
06/30/2009,2009,"Willbros USA, Inc. kna Willbros United States Holdings, Inc.",1,6600,,,,,,,,https://ofac.treasury.gov/media/28796/download?inline
07/31/2009,2009,"MGE UPS Systems, Inc.",1,10341,,,,,,,,https://ofac.treasury.gov/media/12556/download?inline
07/31/2009,2009,"First Incentive Travel, Inc.",1,8250,,,,,,,,https://ofac.treasury.gov/media/12556/download?inline
07/31/2009,2009,An Individual,1,15000,,,,,,,,https://ofac.treasury.gov/media/12556/download?inline
07/31/2009,2009,An Individual,1,8000,,,,,,,,https://ofac.treasury.gov/media/12556/download?inline
08/31/2009,2009,Thermon Manufacturing Company,1,14613.24,,,,,,,,https://ofac.treasury.gov/media/12576/download?inline
06/03/2010,2010,GEICO General Insurance Company,1,11000,,,,,,,,https://ofac.treasury.gov/media/13131/download?inline
06/03/2010,2010,KLM Cargo,1,5336.26,,,,,,,,https://ofac.treasury.gov/media/13131/download?inline
02/05/2010,2010,"Balli Group PLC and Balli Aviation, Ltd.",1,15000000,,,,,,,Iran,https://ofac.treasury.gov/media/13096/download?inline
03/08/2010,2010,"Industrial Maritime Carriers Worldwide, L.L.C.",1,72072,,,,,,,,https://ofac.treasury.gov/media/13101/download?inline
03/08/2010,2010,An Individual,1,525,,,,,,,,https://ofac.treasury.gov/media/13101/download?inline
03/09/2010,2010,"Aviation Services International, B.V.",1,750000,,,,,,January 2007 - February 2007,Cuba; Sudan,https://ofac.treasury.gov/media/13106/download?inline
08/13/2010,2010,Compass Bank,1,607500,,,,,,,,https://ofac.treasury.gov/media/13146/download?inline
08/13/2010,2010,"Custom Polymers, Inc.",1,57800,,,,,,,,https://ofac.treasury.gov/media/13146/download?inline
07/15/2010,2010,United Nations Federal Credit Union,1,500000,,,,,,,,https://ofac.treasury.gov/media/13136/download?inline
07/15/2010,2010,"Agar Corporation, Inc.",1,860000,,,,,,,,https://ofac.treasury.gov/media/13136/download?inline
07/15/2010,2010,An Individual,1,5000,,,,,,,,https://ofac.treasury.gov/media/13136/download?inline
11/16/2010,2010,"Pinnacle Aircraft Parts, Inc.",1,225000,,,,no,yes,,Iran,https://ofac.treasury.gov/media/13166/download?inline
08/18/2010,2010,Barclays Bank PLC,1,176000000,,,,yes,,,Iran; Cuba; Sudan; Burma/Myanmar,https://ofac.treasury.gov/media/13151/download?inline
03/19/2010,2010,Innospec Inc.,1,2200000,,,,yes,yes,,Cuba; Iraq,https://ofac.treasury.gov/media/13111/download?inline
08/19/2010,2010,"Banco Colpatria, S.A.",1,91849,,,,,,,,https://ofac.treasury.gov/media/13156/download?inline
12/21/2010,2010,Discover Financial Services,1,8720,,,,,,,,https://ofac.treasury.gov/media/13171/download?inline
12/21/2010,2010,"Wells Fargo Bank, N.A.",1,67500,,,,,,,,https://ofac.treasury.gov/media/13171/download?inline
12/21/2010,2010,An Individual,1,30000,,,,,,,,https://ofac.treasury.gov/media/13171/download?inline
04/23/2010,2010,"LD Telecommunications, Inc.",1,21671,,,,,,,,https://ofac.treasury.gov/media/13116/download?inline
04/23/2010,2010,Hilton International Co.,1,735407,,,,,,,,https://ofac.treasury.gov/media/13116/download?inline
07/28/2010,2010,"Maersk Line, Limited",1,3088400,,,,,,,,https://ofac.treasury.gov/media/13141/download?inline
07/28/2010,2010,3M Imtec Corporation,1,125000,,,,,,,,https://ofac.treasury.gov/media/13141/download?inline
10/30/2010,2010,"Garlock Sealing Tech, LLC",1,16875,,,,,,,,https://ofac.treasury.gov/media/13161/download?inline
10/30/2010,2010,"Yokozuna Pearls & Gems, Inc.",1,25000,,,,,,,,https://ofac.treasury.gov/media/13161/download?inline
10/30/2010,2010,"Hydra-Tech Pumps, Inc.",1,1961,,,,,,,,https://ofac.treasury.gov/media/13161/download?inline
10/30/2010,2010,Sumitomo Mitsui Banking Corporation,1,229380,,,,,,,,https://ofac.treasury.gov/media/13161/download?inline
10/03/2011,2011,Flowserve Corporation,1,502408,,,,yes,no,,Iran; Cuba; Sudan,https://ofac.treasury.gov/media/13881/download?inline
04/07/2011,2011,"Aegis Electronic Group, Inc.",1,20000,,,,,,,,https://ofac.treasury.gov/media/13826/download?inline
04/07/2011,2011,"McGriff, Seibels & Williams of Texas, Inc.",1,122408,,,,,,,,https://ofac.treasury.gov/media/13826/download?inline
04/07/2011,2011,Metropolitan Life Insurance Company,1,22500,,,,,,,,https://ofac.treasury.gov/media/13826/download?inline
11/08/2011,2011,"Wilson Tool International, Inc.",1,15000,,,,,,,,https://ofac.treasury.gov/media/13866/download?inline
11/08/2011,2011,"ASF, Inc.",1,5400,,,,,,,,https://ofac.treasury.gov/media/13866/download?inline
10/14/2011,2011,Sunrise Technologies and Trading Corporation,1,1661672,,,,,,,Iran,https://ofac.treasury.gov/media/13851/download?inline
08/16/2011,2011,Norton Lilly International,1,18750,,,,,,,,https://ofac.treasury.gov/media/13841/download?inline
08/16/2011,2011,CMA CGM (America) LLC,1,374400,,,,,,,,https://ofac.treasury.gov/media/13841/download?inline
08/16/2011,2011,"Soci é té Générale, New York",1,111359,,,,,,,,https://ofac.treasury.gov/media/13841/download?inline
08/16/2011,2011,"Heritage Turbines, Inc.",1,4500,,,,,,,,https://ofac.treasury.gov/media/13841/download?inline
12/20/2011,2011,Lanier Marine Liquidators,1,13500,,,,,,,,https://ofac.treasury.gov/media/13876/download?inline
08/25/2011,2011,JPMorgan Chase Bank N.A.,1,88300000,,,,no,yes,,Iran; Cuba; Sudan; Terrorism; Weapons Proliferation,https://ofac.treasury.gov/media/13846/download?inline
04/26/2011,2011,"HCC Insurance Holdings, Inc.",1,38448,,,,,,,,https://ofac.treasury.gov/media/13831/download?inline
04/26/2011,2011,"Robbins Instruments, Inc.",1,37080,,,,,,,,https://ofac.treasury.gov/media/13831/download?inline
04/26/2011,2011,An Individual,1,112500,,,,,,,,https://ofac.treasury.gov/media/13831/download?inline
10/27/2011,2011,"Zurigo Trading, Inc.",1,7000,,,,,,,,https://ofac.treasury.gov/media/13861/download?inline
06/29/2011,2011,General Reinsurance Corporation,1,59130,,,,,,,,https://ofac.treasury.gov/media/13836/download?inline
11/29/2011,2011,"Commerzbank AG, New York Branch",1,175500,,,,no,no,,Cuba,https://ofac.treasury.gov/media/13871/download?inline
01/31/2011,2011,Trans Pacific National Bank,1,12500,,,,,,,,https://ofac.treasury.gov/media/13821/download?inline
01/31/2011,2011,"Aon International Energy, Inc.",1,36000,,,,,,,,https://ofac.treasury.gov/media/13821/download?inline
02/07/2012,2012,"Teledyne Technologies, Inc.",1,30385,,,,,,,,https://ofac.treasury.gov/media/13741/download?inline
04/10/2012,2012,Essie Cosmetics Ltd. and Individual Corporate Officer,1,450000,,,,no,yes,,Iran,https://ofac.treasury.gov/media/13761/download?inline
07/10/2012,2012,Great Western Malting Co.,1,1347750,,,,,no,August 2006 - March 2009,Cuba,https://ofac.treasury.gov/media/13786/download?inline
12/10/2012,2012,Standard Chartered Bank,1,132000000,,,,yes,yes,,Iran; Sudan; Burma/Myanmar; Libya,https://ofac.treasury.gov/media/13801/download?inline
12/11/2012,2012,HSBC Holdings plc,1,375000000,,,1159872734,no,yes,,Iran; Cuba; Sudan; Zimbabwe; Libya,https://ofac.treasury.gov/media/13731/download?inline
06/12/2012,2012,ING Bank N.V.,1,619000000,,,,no,yes,,Iran; Cuba; Sudan; Libya,https://ofac.treasury.gov/media/13776/download?inline
12/12/2012,2012,"Bank of Tokyo-Mitsubishi UFJ, Ltd.",1,8571634,,,,,yes,,Iran; Cuba; Sudan; Weapons Proliferation,https://ofac.treasury.gov/media/13816/download?inline
06/14/2012,2012,National Bank of Abu Dhabi,1,855000,,,,no,no,,Sudan,https://ofac.treasury.gov/media/13796/download?inline
11/15/2012,2012,"Sogda Limited, Inc.",1,128250,,,,,,,,https://ofac.treasury.gov/media/13811/download?inline
11/15/2012,2012,"Natoli Engineering Company, Inc.",1,52920,,,,,,,,https://ofac.treasury.gov/media/13811/download?inline
10/19/2012,2012,Brasseler USA,1,18900,,,,,,,,https://ofac.treasury.gov/media/13806/download?inline
02/21/2012,2012,"Richland Trace Homeowners Association, Inc.",1,9000,,,,,,,,https://ofac.treasury.gov/media/13746/download?inline
05/21/2012,2012,"Genesis Asset Managers, LLP",1,112500,,,,,,,Iran,https://ofac.treasury.gov/media/13771/download?inline
08/22/2012,2012,"Grand Resources USA, Inc. (d/b/a GR-Duratech Texas, Inc.)",1,402000,,,,no,no,,Iran; Weapons Proliferation,https://ofac.treasury.gov/media/13791/download?inline
02/24/2012,2012,"Online Micro, LLC",1,1054388,,,,,,,Iran,https://ofac.treasury.gov/media/13751/download?inline
04/25/2012,2012,"Sandhill Scientific, Inc.",1,126000,,,,,yes,,Iran,https://ofac.treasury.gov/media/13766/download?inline
02/01/2013,2013,Offshore Marine Laboratories,1,97695,,,,,,,,https://ofac.treasury.gov/media/13626/download?inline
01/02/2013,2013,"Ellman International, Inc.",1,191700,,,,,yes,,Iran,https://ofac.treasury.gov/media/13616/download?inline
12/03/2013,2013,Compass Bank,1,19125,,,,,,,,https://ofac.treasury.gov/media/13716/download?inline
03/05/2013,2013,"EGL, Inc.",1,139650,,,,,no,,Iran; Cuba,https://ofac.treasury.gov/media/13631/download?inline
09/05/2013,2013,Deutsche Bank Trust Company Americas,1,18900,,,,,,,,https://ofac.treasury.gov/media/13686/download?inline
09/06/2013,2013,Communications and Power Industries LLC,1,346530,,,,yes,no,,Iran,https://ofac.treasury.gov/media/13596/download?inline
05/09/2013,2013,"The American Steamship Owners Mutual Protection and Indemnity Association, Inc.",1,348000,55,,,,no,,Iran; Cuba; Sudan,https://ofac.treasury.gov/media/13651/download?inline
09/09/2013,2013,World Fuel Services Corporation,1,39501,,,,,,,,https://ofac.treasury.gov/media/13691/download?inline
12/11/2013,2013,Royal Bank of Scotland plc,1,33122307,,,,yes,yes,,Iran; Cuba; Sudan; Burma/Myanmar,https://ofac.treasury.gov/media/13606/download?inline
04/12/2013,2013,SAN Corporation,1,22500,,,,,,,,https://ofac.treasury.gov/media/13641/download?inline
06/12/2013,2013,"ATP Tour, Inc.",1,48600,,,,,,,,https://ofac.treasury.gov/media/13656/download?inline
12/17/2013,2013,"HSBC Bank USA, N.A.",1,32400,,,,,,,,https://ofac.treasury.gov/media/13721/download?inline
01/18/2013,2013,"Dal-Tech Devices, Inc.",1,10000,,,,,,,,https://ofac.treasury.gov/media/13621/download?inline
07/19/2013,2013,"Stanley Drilling Equipment & Supply, Inc.",1,84240,,,,,,,,https://ofac.treasury.gov/media/13671/download?inline
02/21/2013,2013,"American Optisurgical, Inc.",1,404100,,,,no,no,,Iran,https://ofac.treasury.gov/media/13586/download?inline
03/21/2013,2013,Maritech Commercial Inc.,1,20800,,,,,,,,https://ofac.treasury.gov/media/13636/download?inline
10/21/2013,2013,Alma Investment LLC,1,1500000,,,,no,yes,,Iran,https://ofac.treasury.gov/media/13696/download?inline
02/22/2013,2013,Bank of Guam,1,27000,,,,,,,,https://ofac.treasury.gov/media/13591/download?inline
02/22/2013,2013,Tung Tai Group,1,43875,,,,,,,,https://ofac.treasury.gov/media/13591/download?inline
07/22/2013,2013,"American Express Travel Related Services Company, Inc.",1,5226120,,,,yes,,,Cuba,https://ofac.treasury.gov/media/13676/download?inline
10/24/2013,2013,Ameron International Corporation,1,434700,,,,no,no,,Iran; Cuba,https://ofac.treasury.gov/media/13701/download?inline
04/25/2013,2013,Toyota Motor Credit Corporation,1,23400,,,,,,,,https://ofac.treasury.gov/media/13646/download?inline
10/25/2013,2013,KMT Group AB,1,125000,,,,no,yes,,Iran,https://ofac.treasury.gov/media/13706/download?inline
09/26/2013,2013,Finans Kiymetli Madenler Turizm Otomotiv Gida Tekstil San. Ve Tic,1,750000,,,,no,yes,,Iran,https://ofac.treasury.gov/media/13601/download?inline
11/26/2013,2013,Weatherford International Ltd.,1,91026450,,,,yes,yes,,Iran; Cuba; Sudan,https://ofac.treasury.gov/media/13711/download?inline
06/27/2013,2013,"Wells Fargo Bank, N.A.",1,23937,,,,,,,,https://ofac.treasury.gov/media/13661/download?inline
06/28/2013,2013,Intesa Sanpaolo S.p.A.,1,2949030,,,,no,no,,Iran; Cuba; Sudan,https://ofac.treasury.gov/media/13666/download?inline
04/02/2014,2014,Sea Tel Inc.,1,85113,,,,,,,,https://ofac.treasury.gov/media/13486/download?inline
09/03/2014,2014,Citigroup Inc.,1,217841,,,,no,no,,Iran; Terrorism; Weapons Proliferation,https://ofac.treasury.gov/media/13556/download?inline
06/05/2014,2014,Fokker Services B.V.,1,50922208,,,,yes,yes,,Iran; Sudan,https://ofac.treasury.gov/media/13506/download?inline
03/06/2014,2014,"Ubiquiti Networks, Inc.",1,504225,,,,,no,,Iran,https://ofac.treasury.gov/media/13476/download?inline
05/06/2014 a,2014,An Individual,1,29340,,,,,,,,https://ofac.treasury.gov/media/13496/download?inline
05/06/2014 b,2014,"Decolar.com, Inc.",1,2809800,,,,yes,,,Cuba,https://ofac.treasury.gov/media/13451/download?inline
05/08/2014,2014,"American International Group, Inc.",1,279038,3560,,,,no,,Cuba,https://ofac.treasury.gov/media/13501/download?inline
09/09/2014,2014,"Zulutrade, Inc.",1,200000,,,,no,no,,Iran; Syria; Sudan,https://ofac.treasury.gov/media/13561/download?inline
11/13/2014,2014,ESCO Corporation,1,2057540,,,,yes,no,,Cuba,https://ofac.treasury.gov/media/13576/download?inline
07/17/2014,2014,"Tofasco of America, Inc.",1,21375,,,,,,,,https://ofac.treasury.gov/media/13526/download?inline
04/18/2014,2014,CWT B.V.,1,5990490,,,,yes,,,Cuba,https://ofac.treasury.gov/media/13491/download?inline
01/23/2014,2014,"Clearstream Banking, S.A.",1,151902000,,,,no,yes,,Iran,https://ofac.treasury.gov/media/13461/download?inline
07/23/2014,2014,"Procesadora Campofresco, Inc.",1,27000,,,,,,,,https://ofac.treasury.gov/media/13541/download?inline
07/24/2014,2014,"Bank of America, N.A.",1,16562700,213,,,,yes,,Narcotics,https://ofac.treasury.gov/media/13531/download?inline
06/25/2014,2014,Network Hardware Resale LLC,1,64758,,,,,,,,https://ofac.treasury.gov/media/13511/download?inline
01/27/2014,2014,Joint-Stock Commercial Bank “Bank of Moscow”,1,9492525,,,,no,no,,Iran; Russia; Weapons Proliferation,https://ofac.treasury.gov/media/13471/download?inline
06/27/2014,2014,"Red Bull North America, Inc.",1,89775,,,,,,,,https://ofac.treasury.gov/media/13456/download?inline
08/27/2014,2014,Branch Banking & Trust Co.,1,19125,,,,,,,,https://ofac.treasury.gov/media/13551/download?inline
10/29/2014,2014,Bupa Florida,1,128704,39,,,yes,no,,Cuba; Narcotics,https://ofac.treasury.gov/media/13566/download?inline
06/30/2014,2014,BNP Paribas SA,1,963619900,3897,,,no,yes,,Iran; Cuba; Sudan; Burma/Myanmar,https://ofac.treasury.gov/media/13516/download?inline
03/31/2014,2014,GAC Bunker Fuels (USA) LLC,1,157500,,,,,yes,,Iran,https://ofac.treasury.gov/media/13481/download?inline
10/31/2014,2014,"Indam International, Inc.",1,44850,,,,,,,,https://ofac.treasury.gov/media/13571/download?inline
11/04/2015,2015,"Banco do Brasil, S.A., New York",1,139500,,,,no,no,,Iran,https://ofac.treasury.gov/media/12391/download?inline
08/05/2015,2015,"Production Products, Inc.",1,78750,,,,,,,,https://ofac.treasury.gov/media/12356/download?inline
08/06/2015,2015,Navigators Insurance Company,1,271815,48,,,,yes,,Iran; Cuba; North Korea; Sudan,https://ofac.treasury.gov/media/12361/download?inline
03/12/2015,2015,Commerzbank AG,1,258660796,1596,,,no,yes,,Iran; Cuba; Sudan; Burma/Myanmar; Weapons Proliferation,https://ofac.treasury.gov/media/12306/download?inline
04/15/2015,2015,"First Data Resources, LLC",1,23336,,,,,,,,https://ofac.treasury.gov/media/12331/download?inline
06/18/2015,2015,"National Bank of Pakistan, New York",1,28800,,,,,,,,https://ofac.treasury.gov/media/12336/download?inline
06/19/2015,2015,John Bean Technologies Corporation,1,391950,,,,no,no,,Iran; Weapons Proliferation,https://ofac.treasury.gov/media/12341/download?inline
10/20/2015,2015,Crédit Agricole Corporate and Investment Bank,1,329593585,4297,,,no,yes,October 2003 - December 2006,Iran; Cuba; Sudan; Burma/Myanmar,https://ofac.treasury.gov/media/12376/download?inline
07/24/2015,2015,Great Plains Stainless Co.,1,214000,,,,no,no,,Weapons Proliferation,https://ofac.treasury.gov/media/12346/download?inline
11/24/2015,2015,"Barracuda Networks, Inc.",1,38930,,,,,,,,https://ofac.treasury.gov/media/12396/download?inline
03/25/2015,2015,"PayPal, Inc.",1,7658300,,,,yes,no,,Iran; Cuba; Sudan; Terrorism; Weapons Proliferation,https://ofac.treasury.gov/media/12321/download?inline
03/25/2015,2015,Life For Relief and Development,1,780000,,,,no,yes,,Iraq,https://ofac.treasury.gov/media/12316/download?inline
08/27/2015,2015,UBS AG,1,1700100,222,,,,no,,Terrorism,https://ofac.treasury.gov/media/12371/download?inline
10/27/2015,2015,"Gil Tours Travel, Inc.",1,43875,,,,,,,,https://ofac.treasury.gov/media/12406/download?inline
07/29/2015,2015,"Blue Robin, Inc.",1,82260,,,,,,,,https://ofac.treasury.gov/media/12351/download?inline
07/05/2016,2016,"Alcon Laboratories, Inc., Alcon Pharmaceuticals Ltd., and Alcon Management, SA",1,7617150,,,,,,,Iran; Sudan,https://ofac.treasury.gov/media/11641/download?inline
09/07/2016,2016,World Class Technology Corporation,1,43200,,,,,,,,https://ofac.treasury.gov/media/11651/download?inline
02/08/2016,2016,Barclays Bank Plc,1,2485890,159,,,no,no,November 2012 - September 2013,Zimbabwe,https://ofac.treasury.gov/media/11661/download?inline
09/13/2016,2016,PanAmerican Seed Company,1,4320000,,,,no,yes,,Iran,https://ofac.treasury.gov/media/11631/download?inline
11/14/2016,2016,"National Oilwell Varco, Inc.",1,5976028,,,,,yes,October 2002 - April 2005,Iran; Cuba; Sudan,https://ofac.treasury.gov/media/11616/download?inline
01/20/2016,2016,"WATG Holdings, Inc., and Wimberly Allison Tong and Goo (UK) Limited",1,140400,,,,,no,,Cuba,https://ofac.treasury.gov/media/11656/download?inline
02/22/2016,2016,"CGG Services S.A., and Its Affiliated Companies",1,614250,,,,no,no,,Cuba; Venezuela,https://ofac.treasury.gov/media/11621/download?inline
06/23/2016,2016,"HyperBranch Medical Technology, Inc.",1,107691,,,,yes,no,,Iran,https://ofac.treasury.gov/media/11606/download?inline
02/25/2016,2016,Halliburton Atlantic Limited and Halliburton Overseas Limited,1,304706,,,,yes,yes,,Cuba,https://ofac.treasury.gov/media/11636/download?inline
10/05/2017,2017,BD White Birch Investment LLC,1,372465,,,,,no,,Sudan,https://ofac.treasury.gov/media/11206/download?inline
12/06/2017,2017,Dentsply Sirona Inc.,1,1220400,37,,1695500,,no,,Iran,https://ofac.treasury.gov/media/11191/download?inline
03/07/2017,2017,Zhongxing Telecommunications Equipment Corporation,1,100871266,251,,,no,yes,,Iran,https://ofac.treasury.gov/media/11131/download?inline
06/08/2017,2017,American Honda Finance Corporation,1,87255,,,,,,,,https://ofac.treasury.gov/media/11176/download?inline
08/10/2017,2017,"IPSA International Services, Inc.",1,259200,72,,,,no,,Iran,https://ofac.treasury.gov/media/11211/download?inline
01/12/2017 a,2017,Aban Offshore Limited,1,17500,,,,,,,,https://ofac.treasury.gov/media/11156/download?inline
01/12/2017 b,2017,An Individual and the Alliance for Responsible Cuba Policy Foundation,1,10000,,,,,,,,https://ofac.treasury.gov/media/11126/download?inline
01/13/2017 b,2017,Toronto-Dominion Bank,1,516105,167,,,yes,no,,Iran; Cuba,https://ofac.treasury.gov/media/11171/download?inline
08/17/2017,2017,American Export Lines,1,518063,140,,,no,no,,Iran,https://ofac.treasury.gov/media/11166/download?inline
11/17/2017,2017,BCC Corporate SA,1,204277,1818,,,,no,,Cuba,https://ofac.treasury.gov/media/11151/download?inline
07/20/2017,2017,ExxonMobil Corporation,1,2000000,,,,no,yes,,Russia; Burma/Myanmar,https://ofac.treasury.gov/media/11111/download?inline
08/24/2017,2017,COSL Singapore Ltd,1,415350,55,,923000,,no,October 2011 - February 2013,Iran,https://ofac.treasury.gov/media/11146/download?inline
06/26/2017,2017,"American International Group, Inc.",1,148698,555,,,,no,,Iran; Cuba; Sudan; Weapons Proliferation,https://ofac.treasury.gov/media/11141/download?inline
09/26/2017,2017,"Richemont North America, Inc., d.b.a. Cartier",1,344800,,,,no,no,,,https://ofac.treasury.gov/media/11116/download?inline
07/27/2017,2017,CSE Global Limited and CSE TransTel Pte. Ltd.,1,12027066,104,,,no,yes,,Iran,https://ofac.treasury.gov/media/11186/download?inline
02/28/2017,2017,United Medical Instruments Inc.,1,515400,,,,,,,Iran,https://ofac.treasury.gov/media/11181/download?inline
10/05/2018,2018,"JPMorgan Chase Bank, N.A.",1,5263171,,,7797290,yes,no,,Iran; Cuba; Weapons Proliferation,https://ofac.treasury.gov/media/11276/download?inline
06/06/2018,2018,"Ericsson, Inc. and Ericsson AB",1,145893,,,,yes,yes,,Sudan,https://ofac.treasury.gov/media/14046/download?inline
12/12/2018,2018,"Yantai Jereh Oilfield Services Group Co., Ltd.",1,2774972,11,,,,yes,,Iran,https://ofac.treasury.gov/media/13406/download?inline
09/13/2018,2018,"Epsilon Electronics, Inc.",1,1500000,,,,,,,Iran,https://ofac.treasury.gov/media/14041/download?inline
11/19/2018,2018,Société Générale S.A.,1,53966916,,,,,yes,,Iran; Cuba; Sudan,https://ofac.treasury.gov/media/11261/download?inline
12/20/2018,2018,"Zoltek Companies, Inc.",1,7772102,26,,,yes,no,,Belarus,https://ofac.treasury.gov/media/11266/download?inline
11/27/2018,2018,"Cobham Holdings, Inc.",1,87507,,,,,,,,https://ofac.treasury.gov/media/13401/download?inline
10/01/2019,2019,The General Electric Company,1,2718581,,18785000,3377119,yes,no,December 2010 - February 2014,Cuba,https://ofac.treasury.gov/media/26481/download?inline
05/02/2019,2019,MID-SHIP Group,1,871837,,,,no,yes,,Iran; Weapons Proliferation,https://ofac.treasury.gov/media/35596/download?inline
08/06/2019,2019,PACCAR Inc.,1,1709325,63,,2713214,yes,no,,Iran; Russia,https://ofac.treasury.gov/media/35591/download?inline
02/07/2019,2019,KollMorgen,1,13381,,,,,,,,https://ofac.treasury.gov/media/7036/download?inline
06/07/2019,2019,Western Union,1,401697,4977,,,yes,no,,Terrorism,https://ofac.treasury.gov/media/16401/download?inline
11/07/2019,2019,"Apollo Aviation Group, LLC",1,210600,12,3000000,360000,yes,no,,Sudan,https://ofac.treasury.gov/media/25941/download?inline
04/09/2019,2019,Standard Chartered Bank,2,657040033,,,2715100479,no,no,,Iran; Cuba; Syria; Sudan; Zimbabwe,https://ofac.treasury.gov/media/26286/download?inline
12/09/2019 a,2019,ACE Limited,1,66212,,,,,,,,https://ofac.treasury.gov/media/25921/download?inline
12/09/2019 b,2019,Allianz Global Risks U.S. Insurance Company,1,170535,6474,,,yes,no,,Cuba,https://ofac.treasury.gov/media/25926/download?inline
04/11/2019,2019,Acteon Group,2,441366,13,455000,227500,,no,,Cuba; Venezuela,https://ofac.treasury.gov/media/16481/download?inline
06/13/2019 a,2019,Hotel Beds,1,222705,,,353500,no,,,Cuba,https://ofac.treasury.gov/media/16326/download?inline
06/13/2019 b,2019,Expedia,1,325406,,,,yes,,,Cuba,https://ofac.treasury.gov/media/16311/download?inline
06/13/2019 c,2019,Cubasphere,1,40320,,,,,,,,https://ofac.treasury.gov/media/16321/download?inline
02/14/2019,2019,AppliChem,1,5512564,,20045688,10022844,yes,yes,May 2012 - February 2016,Cuba,https://ofac.treasury.gov/media/7556/download?inline
04/15/2019,2019,UniCredit Bank,3,611023421,2158,,,no,no,,Iran; Cuba; Syria; Sudan; Terrorism; Weapons Proliferation,https://ofac.treasury.gov/media/16521/download?inline
08/16/2019,2019,"Atradius Trade Credit Insurance, Inc.",1,345315,,,,,no,,,https://ofac.treasury.gov/media/26081/download?inline
09/17/2019,2019,British Arab Commercial Bank plc,1,4000000,,,,,yes,,Sudan,https://ofac.treasury.gov/media/26036/download?inline
02/21/2019,2019,ZAG IP,1,506250,,,,yes,no,,Iran,https://ofac.treasury.gov/media/7561/download?inline
04/25/2019,2019,Haverly Systems,1,75375,,,,,,,,https://ofac.treasury.gov/media/16626/download?inline
11/25/2019,2019,"Apple, Inc",1,466912,,74331860,576434,yes,no,,Narcotics,https://ofac.treasury.gov/media/25931/download?inline
03/27/2019,2019,Stanley Black and Decker,1,1869144,23,6922757,3461378,yes,yes,,Iran,https://ofac.treasury.gov/media/9321/download?inline
01/31/2019,2019,e.l.f. Cosmetics,1,996080,156,,,yes,no,,North Korea,https://ofac.treasury.gov/media/7041/download?inline
10/01/2020,2020,"Generali Global Assistance, Inc.",1,5864860,2593,168545000,84272500,yes,yes,,Cuba,https://ofac.treasury.gov/media/48326/download?inline
05/06/2020,2020,"BIOMIN America, Inc.",1,257862,,2149230,973691,yes,no,,Cuba,https://ofac.treasury.gov/media/36066/download?inline
07/08/2020,2020,"Amazon.com, Inc.",1,134523,,,134523,yes,no,,Iran; Cuba; Syria; North Korea; Ukraine/Crimea; Sudan,https://ofac.treasury.gov/media/44311/download?inline
09/09/2020,2020,Deutsche Bank Trust Company Americas,2,583100,,57698076.78,250000,no,no,,Ukraine/Crimea,https://ofac.treasury.gov/media/47956/download?inline
08/11/2020,2020,An Individual,1,5000,,,,,,,,https://ofac.treasury.gov/media/46731/download?inline
07/16/2020,2020,Essentra FZE Company Limited,1,665112,,923766,,no,yes,September 2018 - December 2018,North Korea,https://ofac.treasury.gov/media/44731/download?inline
09/17/2020,2020,Comtech Telecommunications Corp.,1,894111,,,,yes,yes,,Sudan,https://ofac.treasury.gov/media/48081/download?inline
10/20/2020,2020,"Berkshire Hathaway, Inc.",1,4144651,,36841344,18420672,yes,yes,,Iran; Syria,https://ofac.treasury.gov/media/48756/download?inline
01/21/2020,2020,"Park Strategies, LLC",1,12150,,,,,,,,https://ofac.treasury.gov/media/33081/download?inline
09/24/2020,2020,Keysight Technologies Inc.,1,473157,,2102920,1051460,yes,yes,,Iran,https://ofac.treasury.gov/media/48171/download?inline
02/26/2020,2020,Société Internationale de Télécommunications Aéronautiques SCRL,1,7829640,9256,2453077327,13384000,no,no,April 2013 - February 2018,Iran; Syria; Terrorism,https://ofac.treasury.gov/media/33096/download?inline
01/27/2020,2020,Eagle Shipping International (USA) LLC,1,1125000,36,,,yes,yes,,Burma/Myanmar,https://ofac.treasury.gov/media/33086/download?inline
07/28/2020,2020,"Whitford Worldwide Company, LLC",1,824314,,19953513,1526508,yes,no,,Iran; Syria,https://ofac.treasury.gov/media/46001/download?inline
12/28/2020,2020,National Commercial Bank,1,653347,13,12111632,1814854,yes,no,,Syria; Sudan,https://ofac.treasury.gov/media/50261/download?inline
12/30/2020,2020,"BitGo, Inc.",1,98830,,,,,,,,https://ofac.treasury.gov/media/50266/download?inline
01/04/2021,2021,Union de Banques Arabes et Françaises,1,8572500,127,4158679887.04,15875000,yes,no,August 2011 - April 2013,Syria; Weapons Proliferation,https://ofac.treasury.gov/media/50346/download?inline
12/08/2021,2021,An Individual,1,133860,,1210336,1210336,no,yes,February 2016 - March 2016,Iran,https://ofac.treasury.gov/media/915121/download?inline
09/09/2021,2021,"NewTek, Inc.",1,189483,52,15031546,291512,yes,no,,Iran; Syria,https://ofac.treasury.gov/media/912746/download?inline
01/14/2021,2021,PT Bukit Muria Jaya,1,1016000,28,8621816,1270000,no,no,March 2016 - May 2018,North Korea,https://ofac.treasury.gov/media/50611/download?inline
03/15/2021,2021,"UniControl, Inc.",1,216464,,5423766,,yes,no,,Iran,https://ofac.treasury.gov/media/56316/download?inline
02/18/2021,2021,"BitPay, Inc.",1,507375,2102,619689816,2255000,no,no,,Iran; Cuba; Syria; North Korea; Ukraine/Crimea; Sudan,https://ofac.treasury.gov/media/54341/download?inline
04/19/2021,2021,"Alliance Steel, Inc.",1,435003,61,17335192,725004,yes,no,,Iran,https://ofac.treasury.gov/media/57926/download?inline
07/19/2021 a,2021,Alfa Laval Middle East Ltd.,1,415695,,,,no,yes,May 2015 - March 2016,Iran,https://ofac.treasury.gov/media/911521/download?inline
07/19/2021 b,2021,Alfa Laval Inc.,1,16875,,,,,,,,https://ofac.treasury.gov/media/911516/download?inline
07/23/2021,2021,Payoneer Inc.,1,1385901.4,2220,654357316,3849726,no,no,,Iran; Syria; Ukraine/Crimea; Sudan; Zimbabwe; Weapons Proliferation,https://ofac.treasury.gov/media/911571/download?inline
12/23/2021,2021,"TD Bank, N.A.",2,115005.04,,224470875,191343,yes,no,,North Korea,https://ofac.treasury.gov/media/917121/download?inline
03/26/2021,2021,"Nordgas, S.r.l.",1,950000,,,,no,yes,,Iran,https://ofac.treasury.gov/media/56931/download?inline
08/26/2021,2021,Bank of China (UK) Limited,1,2329991,,99411550,4314799,,yes,,Sudan,https://ofac.treasury.gov/media/912491/download?inline
08/27/2021,2021,First Bank of Romania,1,862318,,31159872,1742056,yes,no,,Iran; Syria,https://ofac.treasury.gov/media/912501/download?inline
09/27/2021 a,2021,"Schlumberger Rod Lift, Inc.",1,160000,,307922,200000,no,no,,Iran; Sudan,https://ofac.treasury.gov/media/913316/download?inline
09/27/2021 b,2021,Cameron International Corporation,1,1423766,,22373785.98,1423766,no,no,,Russia,https://ofac.treasury.gov/media/913321/download?inline
04/29/2021 a,2021,SAP SE,1,2132174,190,56025470,1316157,yes,no,,Iran,https://ofac.treasury.gov/media/97351/download?inline
04/29/2021 b,2021,"MoneyGram Payment Systems, Inc.",1,34328.78,,,,,,,,https://ofac.treasury.gov/media/97356/download?inline
04/01/2022,2022,"S&P Global, Inc.",1,78750,,,,,,,,https://ofac.treasury.gov/media/921316/download?inline
01/03/2022,2022,"Airbnb Payments, Inc.",1,91172.29,,,,,,,,https://ofac.treasury.gov/media/917236/download?inline
01/11/2022,2022,Sojitz (Hong Kong) Limited,1,5228298,,151545831,,yes,no,,Iran,https://ofac.treasury.gov/media/917606/download?inline
10/11/2022,2022,"Bittrex, Inc.",1,24280829.2,116421,35773364108.57,485616584,no,no,,Iran; Cuba; Syria; Ukraine/Crimea; Sudan,https://ofac.treasury.gov/media/928746/download?inline
07/15/2022,2022,American Express National Bank,1,430500,214,331288050,574000,no,no,,Venezuela,https://ofac.treasury.gov/media/924406/download?inline
04/21/2022 a,2022,Newmont Corporation,1,141442,,367264,176803,yes,no,,Cuba,https://ofac.treasury.gov/media/922386/download?inline
04/21/2022 b,2022,Chisu International Corporation,1,45908,,,,,,,,https://ofac.treasury.gov/media/922381/download?inline
04/25/2022,2022,Toll Holdings Limited,1,6131855,2958,826431378,15329638,yes,no,,Iran; Syria; North Korea; Weapons Proliferation,https://ofac.treasury.gov/media/922441/download?inline
09/26/2022 a,2022,CA Indosuez Switzerland S.A.,1,720258,,64062841,1108090,yes,no,April 2013 - April 2016,Iran; Cuba; Syria; Ukraine/Crimea; Sudan,https://ofac.treasury.gov/media/928131/download?inline
09/26/2022 b,2022,CFM Indosuez Wealth,1,401039,,106853346,616983,yes,no,,Iran; Cuba; Syria,https://ofac.treasury.gov/media/928136/download?inline
05/27/2022,2022,Banco Popular de Puerto Rico,1,255937.86,,105295110.8,426563,yes,no,,Venezuela,https://ofac.treasury.gov/media/923401/download?inline
11/28/2022,2022,"Payward, Inc. (“Kraken”)",1,362158.7,,272228964,840288.55,yes,no,,Iran; Ukraine/Crimea,https://ofac.treasury.gov/media/929541/download?inline
09/30/2022,2022,"Tango Card, Inc.",1,116048.6,,9168949062,193414.33,yes,no,September 2016 - September 2021,Iran; Cuba; Syria; North Korea; Ukraine/Crimea,https://ofac.treasury.gov/media/928326/download?inline
12/30/2022,2022,Danfoss A/S,1,4379810,225,71383826,21899050,no,no,,Iran; Syria; Sudan,https://ofac.treasury.gov/media/930196/download?inline
03/01/2023,2023,Godfrey Phillips India Limited,1,332500,,1782895,475000,no,no,,North Korea,https://ofac.treasury.gov/media/931441/download?inline
05/01/2023,2023,"Poloniex, LLC",1,7591630,65942,19692872800,99237000,no,no,,Iran; Cuba; Syria; Ukraine/Crimea; Sudan,https://ofac.treasury.gov/media/931701/download?inline
04/06/2023,2023,Microsoft Corporation,1,2980265.86,,404646121.89,5960531.72,yes,no,,Iran; Cuba; Syria; Russia; Ukraine/Crimea,https://ofac.treasury.gov/media/931591/download?inline
11/06/2023,2023,DaVinci Payments,1,206213,12391,4399759685,274950,yes,no,,Iran; Cuba; Syria; Russia; Ukraine/Crimea,https://ofac.treasury.gov/media/932276/download?inline
12/08/2023,2023,"Nasdaq, Inc.",1,4040923,,458503738,,yes,no,,Iran; Weapons Proliferation,https://ofac.treasury.gov/media/932386/download?inline
12/13/2023,2023,CoinList Markets LLC,1,1207830,,327306583,3097000,no,no,April 2020 - May 2022,Russia; Ukraine/Crimea,https://ofac.treasury.gov/media/932406/download?inline
08/16/2023,2023,Construction Specialties Inc.,1,660954,,2201982,1100991,yes,yes,,Iran,https://ofac.treasury.gov/media/932086/download?inline
05/17/2023,2023,"Murad, LLC, and an Individual",2,3509286,,22228575,11114287,no,yes,June 2016 - September 2017,Iran,https://ofac.treasury.gov/media/931761/download?inline
06/20/2023,2023,Swedbank AS (Latvia),1,3430900,386,112322552,,no,no,,Russia; Ukraine/Crimea,https://ofac.treasury.gov/media/931911/download?inline
09/21/2023 a,2023,3M Company,1,9618477,54,27481363,13740682,yes,yes,,Iran,https://ofac.treasury.gov/media/932161/download?inline
09/21/2023 b,2023,Emigrant Bank,1,31867.9,,,,,,,,https://ofac.treasury.gov/media/932156/download?inline
11/21/2023,2023,Binance,1,968618825,1667153,,,no,yes,August 2017 - October 2022,Iran; Cuba; Syria; North Korea,https://ofac.treasury.gov/media/932351/download?inline
12/21/2023,2023,Privilege Underwriters Reciprocal Exchange,1,466200,39,13906581,666000,no,no,May 2018 - July 2020,Russia; Ukraine/Crimea,https://ofac.treasury.gov/media/932486/download?inline
04/25/2023,2023,British American Tobacco p.l.c.,1,508612492,,508612492,,no,yes,,North Korea; Weapons Proliferation,https://ofac.treasury.gov/media/931666/download?inline
03/30/2023,2023,"Wells Fargo Bank, N.A.",1,30000000,124,1066738422.22,533369211,yes,yes,,Iran,https://ofac.treasury.gov/media/931541/download?inline
03/31/2023,2023,Uphold HQ Inc.,1,72230.32,,,,,,,,https://ofac.treasury.gov/media/931556/download?inline
12/03/2024,2024,Aiotec GmbH,1,14550000,,19400000,,no,yes,,Iran,https://ofac.treasury.gov/media/933661/download?inline
12/13/2024,2024,"C.H. Robinson International, Inc.",1,257690,,28629270,322112,yes,no,November 2018 - February 2022,Iran; Cuba,https://ofac.treasury.gov/media/933696/download?inline
03/14/2024,2024,EFG International AG,1,3740442,,276441312.3,10686977,yes,no,,Cuba; Russia; Narcotics,https://ofac.treasury.gov/media/932766/download?inline
11/14/2024,2024,American Life Insurance Company,1,178421,,858125016,,yes,no,,Iran,https://ofac.treasury.gov/media/933596/download?inline
10/17/2024,2024,Vietnam Beverage Company Limited,1,860000,,15829848,1720000,no,no,April 2016 - October 2018,North Korea,https://ofac.treasury.gov/media/933501/download?inline
12/18/2024 a,2024,An Individual,1,45179,,,,,,,,https://ofac.treasury.gov/media/933701/download?inline
12/18/2024 b,2024,Córdoba Music Group,1,41591,,,,,,,,https://ofac.treasury.gov/media/933726/download?inline
04/19/2024,2024,"SCG Plastics Co., Ltd.",1,20000000,467,600399124,,no,yes,,Iran,https://ofac.treasury.gov/media/932841/download?inline
11/19/2024,2024,An Individual,1,1104408,,27610200,,no,yes,,Iran,https://ofac.treasury.gov/media/933651/download?inline
06/26/2024,2024,"Mondo TV, S.p.a.",1,538000,,6626448,725000,no,no,May 2019 - November 2021,North Korea,https://ofac.treasury.gov/media/932986/download?inline
07/26/2024,2024,"State Street Bank and Trust Company and its subsidiary, Charles River Systems, Inc.",1,7452501,,13550002,13550002,yes,yes,December 2016 - May 2020,Russia; Ukraine/Crimea,https://ofac.treasury.gov/media/933081/download?inline
12/31/2024,2024,"SkyGeek Logistics, Inc.",1,22172,,,,,,,,https://ofac.treasury.gov/media/933866/download?inline
07/02/2025,2025,"Key Holding, LLC",1,608825,,4007088,1217651,yes,no,,Cuba,https://ofac.treasury.gov/media/934456/download?inline
12/02/2025,2025,"IPI Partners, LLC",1,11485352,,,14356690,no,no,,Russia; Ukraine/Crimea,https://ofac.treasury.gov/media/934786/download?inline
09/03/2025,2025,Fracht FWO Inc.,1,1610775,,,2147700,no,yes,,Iran; Venezuela,https://ofac.treasury.gov/media/934596/download?inline
12/04/2025,2025,"Gracetown, Inc.",1,7139305,,8906358,,no,yes,,Russia; Ukraine/Crimea,https://ofac.treasury.gov/media/934796/download?inline
07/08/2025,2025,"Harman International Industries, Inc.",1,1454145,11,4154700,2077350,yes,yes,,Iran,https://ofac.treasury.gov/media/934471/download?inline
12/09/2025,2025,An Individual,1,1092000,,,,yes,no,,Russia; Ukraine/Crimea,https://ofac.treasury.gov/media/934806/download?inline
06/12/2025,2025,GVA Capital Ltd.,1,215988868,,215988868,,no,yes,,Russia; Ukraine/Crimea,https://ofac.treasury.gov/media/934366/download?inline
07/15/2025,2025,Interactive Brokers LLC,1,11832136,,5234583687,60130059,yes,no,,Iran; Cuba; Syria; Russia; Ukraine/Crimea; Venezuela,https://ofac.treasury.gov/media/934501/download?inline
01/16/2025,2025,Family International Realty LLC and an Individual,1,1076923,73,30080709,,no,yes,,Russia; Ukraine/Crimea,https://ofac.treasury.gov/media/933941/download?inline
06/16/2025,2025,"Unicat Catalyst Technologies, LLC",1,3882797,,8035626,4017813,yes,yes,October 2016 - February 2021,Iran; Venezuela,https://ofac.treasury.gov/media/934376/download?inline
12/16/2025,2025,"Exodus Movement, Inc.",1,3103360,254,,4774400,,no,,Iran,https://ofac.treasury.gov/media/934831/download?inline
01/17/2025,2025,"Haas Automation, Inc.",1,1044781,21,7730856,2985088,,no,,Russia; Ukraine/Crimea; Belarus,https://ofac.treasury.gov/media/933956/download?inline
09/22/2025,2025,ShapeShift AG,1,750000,,,39515000,no,no,,Iran; Cuba; Syria; Sudan,https://ofac.treasury.gov/media/934641/download?inline
11/24/2025,2025,An Individual,1,4677552,,,,no,yes,,Russia,https://ofac.treasury.gov/media/934781/download?inline
06/01/2026,2026,"FTI Consulting, Inc.",1,1050000,,,525000,no,yes,,Russia,https://ofac.treasury.gov/media/935651/download?inline
02/12/2026,2026,"IMG Academy, LLC",1,1720000,,,1720000,no,no,,,https://ofac.treasury.gov/media/935006/download?inline
03/17/2026,2026,"TradeStation Securities, Inc.",1,1110661,481,,2221322,yes,no,,Iran; Syria; Ukraine/Crimea,https://ofac.treasury.gov/media/935351/download?inline
05/18/2026,2026,Adani Enterprises Limited,1,275000000,,,,no,yes,March 2023 - February 2024,Iran; Russia; Iraq,https://ofac.treasury.gov/media/935631/download?inline
02/25/2026,2026,An Individual,1,3777000,20,,7554000,no,yes,,Syria; Narcotics,https://ofac.treasury.gov/media/935041/download?inline
